DBN,School Name,School Type.x,Borough,Latitude,Longitude,Math Proficiency,# of Comp Sci Courses,Mbps Bandwidth,PD17a,PD17b,PD17c,Scaled Mean Score,Poverty Percent,FRPL,TSFPP,Average Teacher Salary,PLVL34,Stem Activities Count,School Type.y,Ratio of Full Time Licensed STEM Teachers to Students*
06M018,Park Terrace (P.S. 18),K-8,MANHATTAN,40.871278,-73.911516,17,9,,0,0,0,40,92.6,327,25509.28,87143.7785,0.133333333,1,K-8,2:353
06M052,I.S. 52 (Inwood Intermediate School 52),Middle (6-8),MANHATTAN,40.866053,-73.924835,12,,100,0,0,0,76.33333333,95,,,,0.11790393,2,Middle (6-8),5:267
06M143,Eleanor Roosevelt Intermediate School (I.S. 143),Middle (6-8),MANHATTAN,40.848908,-73.930948,7,,100,0,0,0,83.66666667,89.4,235,35724.25,87320.75862,0.151394422,1,Middle (6-8),7:265
06M187,Hudson Cliffs School (P.S./I.S. 187),K-8,MANHATTAN,40.856693,-73.937093,42,,20,14,14,14,65.66666667,43.3,332,19605.94,84670,0.416243655,0,K-8,2:799
06M209,Hamilton Grange Middle School,Middle (6-8),MANHATTAN,40.820953,-73.951145,19,,100,0,0,0,74.33333333,92.9,248,23526.48,89588.52174,0.197309417,1,Middle (6-8),1:89
06M210,The Twenty-First Century Academy for Community Leadership (P.S./I.S. 210),K-8,MANHATTAN,40.829832,-73.944789,23,,100,20,20,20,48,92.4,367,25099.38,86976.14815,0.291666667,1,K-8,0:1
06M218,The Salome Ureña de Henriquez School (I.S. 218),Middle (6-8),MANHATTAN,40.86079,-73.930672,4,,100,,,,,,,,,,1,Middle (6-8),1:35
06M223,The Mott Hall School,Middle (6-8),MANHATTAN,40.815458,-73.952908,54,,100,11,11,11,92.33333333,80.8,234,22544.66,87306.04167,0.823104693,2,Middle (6-8),7:292
06M278,Paula Hedbavny School (P.S./M.S. 278),K-8,MANHATTAN,40.871245,-73.912141,63,,100,0,0,13,66,67.4,373,19347.2,90875.34286,0.515151515,0,K-8,3:559
06M293,City College Academy of The Arts,Secondary (6-12),MANHATTAN,40.86079,-73.930672,44,2,100,0,14,14,80,83.4,497,19520.5,88800,0.391666667,0,Secondary (6-12),13:602
06M311,Amistad Dual Language School,K-8,MANHATTAN,40.866706,-73.923948,16,,100,0,13,0,41.33333333,81.3,320,21900.2,82341.67857,0.298387097,0,K-8,1:395
06M319,Maria Teresa Mirabal (M.S. 319),Middle (6-8),MANHATTAN,40.839305,-73.936159,14,3,100,14,14,14,104.3333333,95,409,26848.47,98123.02941,0.300319489,2,Middle (6-8),5:418
06M322,The Renaissance Leadership Academy (M.S. 322),Middle (6-8),MANHATTAN,40.86079,-73.930672,17,,100,30,20,10,98.33333333,95,287,27157.3,118859.9655,0.213559322,1,Middle (6-8),2:155
06M324,Patria Mirabal Middle School (M.S. 324),Middle (6-8),MANHATTAN,40.839305,-73.936159,28,,100,0,0,0,102.6666667,91.7,361,27364.07,74981.05263,0.266233766,0,Middle (6-8),1:57
06M328,Community Math & Science Prep,Middle (6-8),MANHATTAN,40.836536,-73.937159,2,,100,10,20,10,70.33333333,95,227,32086.07,86214.18868,0.104265403,0,Middle (6-8),3:229
06M346,Community Health Academy of The Heights,Secondary (6-12),MANHATTAN,40.833687,-73.942072,16,,100,0,0,0,78,93.3,654,21182.14,77525.43396,0.192307692,0,Secondary (6-12),13:703
06M348,Washington Heights Expeditionary Learning School,K-12,MANHATTAN,40.848908,-73.930948,25,1,100,0,13,13,70,77.3,615,21088.68,82047.57143,0.047619048,0,K-12,14:815
06M349,Harbor Heights Middle School,Middle (6-8),MANHATTAN,40.845469,-73.940468,7,,100,0,0,0,46.33333333,95,127,27713.45,78762.7,0.201438849,1,Middle (6-8),2:129
06M366,Washington Heights Academy,K-8,MANHATTAN,40.8654,-73.921101,48,,100,0,0,0,43.33333333,90.9,470,21269.89,95293,0.784615385,1,K-8,3:571
06M528,Bea Fuller Rodgers School (I.S. 528),Middle (6-8),MANHATTAN,40.85051,-73.934485,10,,100,,,,56.66666667,95,215,25280.82,80463,0.305882353,1,Middle (6-8),1:56
07X005,Port Morris (P.S./M.S. 5),K-8,BRONX,40.813728,-73.908886,8,,100,14,14,14,76,95,654,24925.93,85546.16529,0.149122807,0,K-8,3:722
07X029,The Melrose School (P.S./M.S. 29),K-8,BRONX,40.821515,-73.917279,9,,20,14,0,0,85,93.4,681,23554.69,74118.21127,0.109803922,0,K-8,1:396
07X031,The William Lloyd Garrison (P.S./M.S. 31),K-8,BRONX,40.82316,-73.921631,4,,100,17,18,0,71,92.1,603,24749.45,86304.45378,0.117370892,1,K-8,1:177
07X151,Lou Gehrig Academy (J.H.S. 151),Middle (6-8),BRONX,40.82316,-73.921631,3,,100,0,0,0,81,95,259,26864.64,94100.55814,0.053497942,1,Middle (6-8),2:261
20K201,Dyker Heights (J.H.S. 201),Middle (6-8),BROOKLYN,40.618676,-74.012722,66,,10,0,0,0,514.6666667,75.5,1193,18919.06,92457,0.71761658,1,Middle (6-8),1:88
07X221,South Bronx Preparatory: A College Board School,Secondary (6-12),BRONX,40.813983,-73.920782,16,2,200,5,14,5,87,95,635,23927,78565.23517,0.260536398,0,Secondary (6-12),13:659
07X223,The Laboratory School of Finance and Technology: X223,Secondary (6-12),BRONX,40.813983,-73.920782,40,10,200,11,11,16,92,95,666,21253.09,79402.87938,0.47826087,1,Secondary (6-12),1:57
07X224,Science School for Exploration and Discovery (M.S. 224),Middle (6-8),BRONX,40.81004,-73.917792,3,,200,20,40,60,96.33333333,95,351,27584.83,89056.86207,0.020761246,2,Middle (6-8),5:358
07X296,South Bronx Academy for Applied Media,Middle (6-8),BRONX,40.818874,-73.905927,6,,100,0,0,0,73.66666667,93.7,236,29008.13,79798.16,0.117647059,0,Middle (6-8),3:253
27Q183,Dr. Richard R. Green School (P.S./M.S. 183),K-8,QUEENS,40.589508,-73.805361,10,,10,14,14,0,52.66666667,92.8,472,28838.75,92482.80392,0.240506329,0,K-8,2:525
07X298,The Academy of Public Relations,Middle (6-8),BRONX,40.818874,-73.905927,9,,100,25,29,25,68.66666667,92.3,225,28655.37,94698.65217,0.048543689,1,Middle (6-8),4:247
07X343,Academy of Applied Mathematics & Technology,Middle (6-8),BRONX,40.81004,-73.917792,38,,200,11,0,11,85.33333333,95,283,23903.12,81421.625,0.34375,2,Middle (6-8),7:300
07X500,Hostos-Lincoln Academy of Science,Secondary (6-12),BRONX,40.815498,-73.91224,7,,100,0,0,0,48.66666667,86,434,22266.48,84243.97222,0.205479452,1,Secondary (6-12),7:508
07X551,The Urban Assembly Bronx Academy of Letters,Secondary (6-12),BRONX,40.813641,-73.925313,5,1,100,19,13,13,80,91,530,24549.22,75492.26481,0.104166667,0,Secondary (6-12),11:590
07X584,I.S. 584,Middle (6-8),BRONX,40.815498,-73.91224,,,100,0,0,0,87,95,269,28067.28,68720.88889,0.049808429,0,Middle (6-8),6:277
20K030,Mary White Ovington (P.S./I.S. 30),K-8,BROOKLYN,40.63359,-74.023948,40,7,40,25,25,25,125.6666667,80.6,729,21552.59,95620.21739,0.527851459,0,K-8,9:911
20K062,Ditmas Junior High School (J.H.S. 62),Middle (6-8),BROOKLYN,40.638686,-73.971651,27,2,40,10,10,13,342.6666667,88.8,1052,21878.09,87505,0.391050584,2,Middle (6-8),19:1204
20K104,The Fort Hamilton School (P.S./I.S. 104),K-8,BROOKLYN,40.618415,-74.028842,45,6,30,0,0,,159.6666667,64.4,810,19722.7,85874.33113,0.513569937,0,K-8,3:1265
20K163,P.S. 163 Bath Beach,K-8,BROOKLYN,40.606792,-74.00806,62,,10,,,,82.66666667,81.2,509,23640.3,84969.80851,0.588709677,0,K-8,1:211
20K180,The SEEALL Academy,K-8,BROOKLYN,40.627029,-73.989672,58,,50,0,0,0,149,88.4,,,,0.648769575,0,K-8,7:1136
20K187,The Christa McAuliffe School (I.S. 187),Middle (6-8),BROOKLYN,40.627784,-74.004485,97,,50,0,8,8,230,66.1,574,20074.66,97870.71956,0.956521739,1,Middle (6-8),14:873
20K192,The Magnet School for Math and Science Inquiry (P.S./I.S. 192),K-8,BROOKLYN,40.629303,-73.979995,45,,10,,,,60.33333333,85.8,552,23787.64,77992.10616,0.464088398,0,K-8,3:677
20K220,John J. Pershing (J.H.S. 220),Middle (6-8),BROOKLYN,40.640545,-74.000731,46,2,40,0,10,10,466.6666667,87,1308,20680.65,86269.95763,0.556428571,1,Middle (6-8),33:1520
21K690,Brooklyn Studio Secondary School,Secondary (6-12),BROOKLYN,40.604879,-73.994404,34,1,,0,0,0,81.66666667,77.5,715,20835.51,91903.78947,0.326530612,0,Secondary (6-12),5:471
20K223,Montauk (J.H.S. 223),Middle (6-8),BROOKLYN,40.634875,-73.981528,47,,40,10,14,14,292,95,926,22217.14,91416.04225,0.594748858,1,Middle (6-8),9:475
20K227,Edward B. Shallow (J.H.S. 227),Middle (6-8),BROOKLYN,40.62191,-73.995022,43,3,10,0,4,0,505,92.8,1387,20198.58,94724.0404,0.434323432,0,Middle (6-8),11:753
20K229,P.S./I.S. 229,K-8,BROOKLYN,40.610963,-74.013376,65,5,100,11,11,11,108,60.7,728,19202.57,92629.76593,0.654320988,2,K-8,3:1249
20K259,William McKinley (J.H.S. 259),Middle (6-8),BROOKLYN,40.62668,-74.01512,64,2,50,3,6,6,603.3333333,80.8,1490,18505.31,91809.01852,0.696685083,0,Middle (6-8),13:926
08X269,Bronx Studio School for Writers and Artists,Secondary (6-12),BRONX,40.820579,-73.893128,,,100,8,8,8,87.33333333,86.8,545,24732.97,84660.4902,0.145038168,0,Secondary (6-12),9:643
20K609,Urban Assembly School for Criminal Justice,Secondary (6-12),BROOKLYN,40.634875,-73.981528,40,,40,7,27,13,59.33333333,94.6,525,20746.47,75072,0.393258427,0,Secondary (6-12),3:139
20K686,Brooklyn School of Inquiry,K-8,BROOKLYN,40.60731,-73.986595,90,,50,,,,36.66666667,22.6,127,17218.14,81544.70803,0.936363636,0,K-8,1:566
21K095,The Gravesend School (P.S. 95),K-8,BROOKLYN,40.595698,-73.97518,34,,50,0,0,0,46,75.4,688,22243.92,92732.98507,0.543478261,0,K-8,3:943
21K096,Seth Low (I.S. 96),Middle (6-8),BROOKLYN,40.60754,-73.984661,29,3,40,4,4,4,235.6666667,80.4,610,28071.45,88023.50136,0.429985856,0,Middle (6-8),17:779
21K098,The Bay Academy (I.S. 98),Middle (6-8),,,,89,3,50,0,0,0,416,55.3,841,17012.19,92288.91781,0.965544872,2,Middle (6-8),2:153
21K099,Isaac Asimov (P.S. 99),K-8,BROOKLYN,40.621565,-73.965595,38,,10,10,10,10,69.66666667,75.5,623,20058.79,90530.03378,0.277511962,0,K-8,1:876
21K121,Nelson A. Rockefeller (P.S./I.S. 121) Magnet School of Applied Life Sciences,K-8,BROOKLYN,40.623273,-73.978822,51,,10,0,0,0,29.66666667,65.2,216,35628.61,83511.06776,0.494382022,0,K-8,1:168
15K448,Brooklyn Collaborative,Secondary (6-12),BROOKLYN,40.68007,-74.001377,,1,200,0,6,6,17.66666667,69.8,,,,0.150943396,0,Secondary (6-12),14:681
21K209,The Margaret Mead School (P.S. 209),K-8,BROOKLYN,40.586845,-73.96198,45,,10,0,0,0,61,79.9,557,24931.45,88255.72165,0.448087432,0,K-8,2:733
21K225,The Eileen E. Zaglin School (P.S. 225),K-8,BROOKLYN,40.579737,-73.956329,27,,20,,,,121,78.2,738,25297.14,84704.5625,0.41046832,0,K-8,2:337
21K226,Alfred De B. Mason (P.S./ I.S. 226),K-8,BROOKLYN,40.615252,-73.97635,43,,10,0,13,0,98,86.5,,,,0.56122449,0,K-8,2:515
21K228,David A. Boody (I.S. 228),Middle (6-8),BROOKLYN,40.6013,-73.976953,39,,40,0,0,0,377,80.9,1047,20497.56,82968.42159,0.578249337,3,Middle (6-8),25:1311
21K238,The Anne Sullivan School (P.S./I.S. 238),K-8,BROOKLYN,40.608862,-73.965058,21,6,10,0,0,0,58.66666667,84.6,449,26550.48,84514.80072,0.221590909,1,K-8,3:611
21K239,Mark Twain for the Gifted & Talented (I.S. 239),Middle (6-8),BROOKLYN,40.578188,-73.99203,84,3,40,0,0,0,382,38.4,499,18071.78,98364.73177,0.895287958,1,Middle (6-8),19:1322
21K281,Joseph B. Cavallaro (I.S. 281),Middle (6-8),BROOKLYN,40.595341,-73.993457,49,,40,9,16,9,388,87.4,1159,20920.68,87365.06522,0.521477663,2,Middle (6-8),7:667
21K288,The Shirley Tanyhill School (P.S./I.S. 288),K-8,BROOKLYN,40.574411,-73.99194,8,,20,,,,49.66666667,93.5,591,23503.15,90085.83019,0.140939597,0,K-8,1:221
21K303,Herbert S. Eisenberg (I.S. 303) Academy for Career Exploration,Middle (6-8),BROOKLYN,40.5825,-73.973122,33,,20,18,27,27,175.6666667,78.6,414,21634.32,98421.97492,0.25426945,0,Middle (6-8),3:538
21K468,The Kingsborough Early College Secondary School,Secondary (6-12),BROOKLYN,40.594291,-73.98577,31,1,50,0,0,0,75,72.3,465,19739.52,94584.64,0.275555556,0,Secondary (6-12),10:657
27Q042,R. Vernam (P.S./M.S. 42),K-8,QUEENS,40.594538,-73.795304,3,,50,25,19,19,48.33333333,95,597,27255.94,80614.34251,0.062068966,0,K-8,3:658
27Q043,P.S./M.S. 43,K-8,QUEENS,40.593834,-73.76174,11,,100,,,,50,91.7,767,23268.11,86561.54412,0.206666667,,K-8,1:901
27Q202,Robert H. Goddard (M.S. 202),Middle (6-8),QUEENS,40.67124,-73.845141,31,,40,0,0,0,282,81.2,876,19515.01,90114.06849,0.368794326,1,Middle (6-8),11:1097
27Q047,Chris Galas (P.S./M.S. 47),K-8,QUEENS,40.606353,-73.820445,56,7,10,,,,13,35.2,70,33200.19,93345.57851,0.41025641,0,K-8,1:216
27Q053,Brian Piccolo (I.S. 53),Middle (6-8),QUEENS,40.603622,-73.749097,6,,100,9,0,0,78.33333333,83.1,216,33166.89,72373.35714,0.076595745,0,Middle (6-8),1:89
27Q309,Academy of Medical Technology,Secondary (6-12),QUEENS,40.60201,-73.762795,10,1,200,7,14,14,62.66666667,80,502,20579.75,88616.66667,0.063829787,1,Secondary (6-12),5:213
27Q105,The Bay School (P.S./M.S. 105),K-8,QUEENS,40.595779,-73.781876,10,1,50,13,25,25,74.33333333,88.8,688,24722.76,89159.67606,0.116591928,0,K-8,2:815
27Q207,The Rockwood Park School (P.S. 207),K-8,QUEENS,40.658089,-73.844432,59,3,20,0,0,0,48,35.6,216,27211.07,86174.52774,0.541666667,0,K-8,1:340
27Q114,The Belle Harbor School (P.S./M.S. 114),K-8,QUEENS,40.578261,-73.854403,30,,100,20,20,20,27,24.5,155,22422.73,90130.08,0.50617284,0,K-8,1:223
27Q124,Osmond A. Church (P.S./M.S. 124),K-8,QUEENS,40.665058,-73.811701,39,5,20,9,9,0,129.3333333,64.1,770,19143.42,85525.87013,0.342783505,0,K-8,4:1229
27Q137,America's School of Heroes (M.S. 137),Middle (6-8),QUEENS,40.6781,-73.839948,39,,40,9,9,9,410,88.9,1657,19642.64,85423.37795,0.373170732,1,Middle (6-8),5:378
27Q146,The Howard Beach School (P.S./M.S. 146),K-8,QUEENS,40.659873,-73.835068,36,8,20,0,0,0,69.33333333,47.5,318,23388.07,85520.62,0.5,0,K-8,1:678
27Q210,Elizabeth Blackwell (J.H.S. 210),Middle (6-8),QUEENS,40.683858,-73.84747,33,,20,33,33,28,537.3333333,85.7,1589,20150.71,90222.9375,0.285980149,0,Middle (6-8),3:235
27Q226,Virgil I. Grissom (J.H.S. 226),Middle (6-8),QUEENS,40.675771,-73.816938,18,,20,17,11,17,195,91,830,21091.51,93528.66667,0.215384615,2,Middle (6-8),7:458
27Q232,Lindenwood (P.S. 232),K-8,QUEENS,40.665909,-73.851216,47,3,20,0,0,0,97,62.7,600,20722.75,88765.06849,0.518900344,,K-8,1:485
27Q262,Channel View School for Research,Secondary (6-12),QUEENS,40.583775,-73.839659,22,,40,5,10,10,87.33333333,73.6,645,22935.88,89041.16176,0.435114504,3,Secondary (6-12),5:296
27Q282,Knowledge and Power Preparatory Academy VI,Middle (6-8),QUEENS,40.60201,-73.762795,19,,200,,,,59.66666667,85.2,218,20199.68,92921.5,0.407821229,0,Middle (6-8),5:264
27Q297,Hawtree Creek Middle School-M.S. 297,Middle (6-8),QUEENS,40.675771,-73.816938,18,,20,18,9,0,104,92.1,335,21145.3,79332.11073,0.224358974,1,Middle (6-8),1:61
27Q318,Waterside School For Leadership,Middle (6-8),QUEENS,40.580928,-73.831836,8,3,100,0,0,0,73,91.2,203,23615.2,75937.86364,0.086757991,1,Middle (6-8),0:1
27Q319,Village Academy,Middle (6-8),QUEENS,40.603622,-73.749097,10,,100,0,17,0,120.6666667,83.6,296,21778.87,86396.33333,0.085635359,1,Middle (6-8),7:359
27Q323,Scholars' Academy,Secondary (6-12),QUEENS,40.584109,-73.825711,90,1,200,6,6,6,150.3333333,48.1,651,16649.84,82719.66887,0.920177384,0,Secondary (6-12),7:344
27Q333,Goldie Maple Academy,K-8,QUEENS,40.593967,-73.786182,9,,100,,,,19,79.7,305,21121.48,105137.1111,0.122807018,0,K-8,1:428
01M034,Franklin Delano Roosevelt (P.S. 34),K-8,MANHATTAN,40.726473,-73.975181,15,,100,,,,39.66666667,95,312,29882.06,77149.72222,0.142857143,0,K-8,4:333
01M140,The Nathan Straus Preparatory School (P.S. 140),K-8,MANHATTAN,40.71925,-73.983056,16,4,100,,,,52,88.4,309,26390.92,84107.11429,0.217948718,2,K-8,3:371
01M184,Shuang Wen School (P.S. 184),K-8,MANHATTAN,40.711549,-73.986542,74,,100,17,0,8,83.33333333,68,440,20901.88,78709.58824,0.812,0,K-8,1:114
01M188,The Island School (P.S. 188),K-8,MANHATTAN,40.719598,-73.977904,20,,100,0,0,0,47.66666667,92.1,377,29106.77,89913.75321,0.335664336,0,K-8,2:433
13K691,Fort Greene Preparatory Academy,Middle (6-8),BROOKLYN,40.694633,-73.971165,9,2,20,13,0,0,66.33333333,90.5,182,29737.17,77920,0.120603015,2,Middle (6-8),1:67
01M301,"Technology, Arts and Sciences Studios",Middle (6-8),MANHATTAN,40.729636,-73.983818,6,,100,,,,,,,,,,1,Middle (6-8),3:106
25Q025,Adrien Block (I.S. 25),Middle (6-8),QUEENS,40.765133,-73.790083,56,,40,6,0,0,321.6666667,58.8,598,18826.25,92074.5,0.614507772,0,Middle (6-8),17:1028
01M332,University Neighborhood Middle School,Middle (6-8),MANHATTAN,40.713684,-73.986336,7,,100,0,20,0,56,88.7,178,37499.03,82888,0.125,1,Middle (6-8),5:203
01M378,School For Global Leaders,Middle (6-8),MANHATTAN,40.720581,-73.985645,25,,100,20,0,20,70.33333333,82.8,205,26110.86,97873.07407,0.274881517,0,Middle (6-8),7:256
14K318,Eugenio Maria de Hostos (I.S. 318),Middle (6-8),BROOKLYN,40.7025,-73.948869,35,2,100,0,0,0,325.6666667,66.8,817,21204.89,93226.95238,0.318321392,3,Middle (6-8),13:1249
01M450,East Side Community School,Secondary (6-12),MANHATTAN,40.729589,-73.982555,40,2,200,5,11,5,72.33333333,65.4,442,21194.44,91471.48936,0.502304147,1,Secondary (6-12),13:683
01M539,"New Explorations into Science, Technology and Math",K-12,MANHATTAN,40.718895,-73.979308,93,3,100,12,20,28,89,23.9,395,16571.2,80318.71429,0.958801498,0,K-12,19:1734
01M839,Tompkins Square Middle School,Middle (6-8),MANHATTAN,40.72438,-73.98138,47,,100,0,0,13,82.33333333,69.4,257,23586.56,91942.65517,0.493927126,0,Middle (6-8),7:373
13K008,Robert Fulton (P.S./M.S. 8),K-8,BROOKLYN,40.694926,-73.986015,42,,10,0,0,0,47.66666667,19.1,168,18730.25,81406.67722,0.503496503,1,K-8,1:229
15K464,Park Slope Collegiate,Secondary (6-12),BROOKLYN,40.669629,-73.979287,,,40,0,0,0,36.33333333,67.3,437,21219.79,81868.13462,0.440366972,0,Secondary (6-12),2:109
13K113,Ronald Edmonds Learning Center (M.S. 113),Middle (6-8),BROOKLYN,40.688811,-73.971009,14,,200,0,0,0,92,92.5,278,26421.23,111598.9231,0.141304348,1,Middle (6-8),4:305
13K265,Dr. Susan S. McKinney Secondary School of the Arts,Secondary (6-12),BROOKLYN,40.696324,-73.97578,5,5,100,0,0,0,30.66666667,92.2,339,26900.52,91455.27778,0.054347826,0,Secondary (6-12),9:370
13K266,Park Place Community (M.S. 266),Middle (6-8),BROOKLYN,40.679097,-73.94684,11,,100,,,,43.33333333,86.9,135,29238.88,93455,0.215384615,4,Middle (6-8),1:40
13K301,Satellite East Middle School,Middle (6-8),BROOKLYN,40.686076,-73.945229,13,,50,,,,27.66666667,94.9,94,35246.73,110865.2222,0.108433735,0,Middle (6-8),2:99
13K313,The Dock Street School,Middle (6-8),BROOKLYN,40.703106,-73.992549,24,,10,,,,56.66666667,72.9,144,24935.52,99019.84615,0.494117647,1,Middle (6-8),5:199
13K351,Urban Assembly Unison School,Middle (6-8),BROOKLYN,40.68505,-73.960659,7,3,100,0,17,17,46.33333333,89.9,133,28393.54,88625.25,0.172661871,1,Middle (6-8),4:149
14K071,Juan Morel Campos Secondary School,Secondary (6-12),BROOKLYN,40.703624,-73.953146,7,3,100,0,17,8,50.66666667,88.2,465,33640.82,78250.15625,0.203947368,2,Secondary (6-12),11:534
13K492,Academy of Arts and Letters,K-8,BROOKLYN,40.690765,-73.971376,49,,100,,,,32,30.6,155,19780.57,85990.67647,0.697916667,0,K-8,4:519
13K527,Urban Assembly Institute of Math and Science for Young Women (M.S. 527),Secondary (6-12),BROOKLYN,40.694682,-73.988853,12,,40,0,20,10,50.66666667,85.8,407,20222.82,80738.81081,0.309210526,1,Secondary (6-12),1:48
14K050,John D. Wells (M.S. 50),Middle (6-8),BROOKLYN,40.711704,-73.960275,7,,100,11,11,11,77.66666667,90,257,27382.39,94301.51852,0.253218884,1,Middle (6-8),5:289
14K084,Jose de Diego Magnet School of Visual Arts and Sciences (P.S./M.S. 84),K-8,BROOKLYN,40.714785,-73.963,6,6,100,0,0,0,62.33333333,48.5,360,26892.08,80989.21429,0.155080214,0,K-8,1:793
14K126,John Ericsson Middle School (M.S. 126),Middle (6-8),BROOKLYN,40.719819,-73.948625,14,,10,0,0,0,107.6666667,85.2,318,28589.42,82892.63889,0.139318885,4,Middle (6-8),1:54
14K157,The Benjamin Franklin Magnet School for Civic Leadership in Health and Science (P.S./I.S. 157),K-8,BROOKLYN,40.695417,-73.959571,10,,50,,,,52.33333333,87.3,395,25913.47,80991.16667,0.127388535,2,K-8,1:479
14K577,Middle School 577,Middle (6-8),BROOKLYN,40.715351,-73.956716,36,,50,0,0,7,100,54,265,20694.15,94554.91176,0.503333333,0,Middle (6-8),7:502
14K582,Upper Ten Eyck School (M.S. 582),Middle (6-8),BROOKLYN,40.708723,-73.940002,9,,50,0,13,13,71.66666667,83.8,218,27422.62,75294.21642,0.255813953,0,Middle (6-8),1:53
14K586,Lyons Community School,Secondary (6-12),BROOKLYN,40.709941,-73.943641,2,,200,0,0,0,46,91.9,443,24607.46,81267.47619,0.065217391,0,Secondary (6-12),1:31
14K614,The Young Women's Leadership School of Brooklyn,Secondary (6-12),BROOKLYN,40.705204,-73.939407,14,1,100,9,27,18,45.33333333,80,313,21028.84,85262.89286,0.235294118,2,Secondary (6-12),9:406
24Q560,"Robert F. Wagner, Jr. Secondary School for Arts and Technology",Secondary (6-12),QUEENS,40.742839,-73.936782,79,,100,0,0,0,36.66666667,77.6,512,19232.03,91883.55263,0.827272727,1,Secondary (6-12),2:133
24Q005,The Walter Crowley Intermediate School (I.S. 5),Middle (6-8),QUEENS,40.737718,-73.887429,50,,20,16,18,11,544.3333333,80.4,1414,20144.42,83756.76889,0.496631966,0,Middle (6-8),15:899
24Q049,Dorothy Bonawit Kole (P.S./I.S. 49),K-8,QUEENS,40.719867,-73.875093,56,6,20,0,0,20,121.3333333,47.9,551,18558.62,84079.90411,0.626373626,2,K-8,7:1160
24Q061,Leonardo da Vinci (I.S. 61),Middle (6-8),QUEENS,40.742668,-73.863307,23,3,50,50,57,29,666.6666667,95,2152,21827.37,83808.61714,0.2185,2,Middle (6-8),5:373
24Q073,The Frank Sansivieri Intermediate School (I.S. 73),Middle (6-8),QUEENS,40.729215,-73.893624,50,,10,9,14,5,577,71.4,1385,20288.74,78962.04895,0.472559214,2,Middle (6-8),34:1971
26Q266,P.S. /I.S. 266 Q,K-8,QUEENS,40.746231,-73.727614,67,8,10,0,0,0,59,53.8,336,22836.46,87968.28846,0.480225989,0,K-8,4:649
24Q077,I.S. 77,Middle (6-8),QUEENS,40.699516,-73.90214,21,3,200,13,9,9,293.3333333,92.6,932,23421.12,89492.65823,0.240909091,1,Middle (6-8),7:506
24Q087,The Middle Village School (P.S./I.S. 87),K-8,QUEENS,40.711815,-73.871238,20,,20,,0,0,54.66666667,64.7,355,24727.55,87015.98113,0.292682927,0,K-8,1:303
24Q093,Ridgewood I.S. 93,Middle (6-8),QUEENS,40.706041,-73.902584,35,2,20,3,3,3,306.3333333,94.8,1041,21919.42,88189.24419,0.324265506,1,Middle (6-8),18:1099
24Q102,P.S./I.S. 102Q,K-8,QUEENS,40.733514,-73.877857,58,,20,0,11,6,131.3333333,86,1097,20354.36,83231.53684,0.611675127,0,K-8,1:221
24Q113,Anthony J. Pranzo (P.S./I.S. 113),K-8,QUEENS,40.705516,-73.862208,58,3,30,11,0,0,111,56.6,497,19779.24,88455.16364,0.537537538,0,K-8,3:896
24Q119,Glendale (I.S. 119),K-8,QUEENS,40.704406,-73.875183,63,9,50,0,0,0,159.3333333,74.2,936,17669.57,90937.16667,0.483263598,1,K-8,10:1277
24Q125,Thomas J. McCann Woodside (I.S. 125),Middle (6-8),QUEENS,40.741131,-73.918945,39,1,200,5,11,11,393.6666667,77.3,1139,19968.6,86680.52381,0.474174428,1,Middle (6-8),27:1504
24Q128,Juniper Valley (P.S. 128),K-8,QUEENS,40.715344,-73.886215,57,,100,,,,93,36.8,353,18903.88,82933.71875,0.584229391,1,K-8,2:323
24Q311,Corona Arts and Sciences Academy (CASA),Middle (6-8),QUEENS,40.745709,-73.865329,23,,20,5,5,11,243,95,714,21427.33,81522.36332,0.242798354,1,Middle (6-8),9:733
25Q164,Queens Valley School,K-8,QUEENS,40.720924,-73.823362,63,6,50,8,7,7,58.66666667,74,491,22059.02,90586.38889,0.551136364,1,K-8,2:693
25Q185,Edward Bleeker (J.H.S. 185),Middle (6-8),QUEENS,40.775253,-73.819347,67,1,40,0,4,0,431,77.1,1166,19324.9,85384.89899,0.636504254,1,Middle (6-8),10:507
25Q189,Daniel Carter Beard (J.H.S. 189),Middle (6-8),QUEENS,40.759844,-73.820548,52,,40,7,7,0,212.3333333,79.2,595,20753.87,88244.82353,0.551020408,0,Middle (6-8),5:257
25Q194,William H. Carr (J.H.S. 194),Middle (6-8),QUEENS,40.78365,-73.807838,55,,10,25,25,25,392,60.3,738,18664.26,85708.85856,0.601190476,1,Middle (6-8),22:1241
25Q200,The Magnet School of Global Studies & Leadership (P.S./M.S. 200),K-8,QUEENS,40.731369,-73.805116,29,,100,0,0,0,59.66666667,72.4,,,,0.491620112,1,K-8,1:522
25Q219,Paul Klapper (P.S./M.S. 219),K-8,QUEENS,40.735275,-73.823778,52,,10,67,33,33,46,74,443,33535.34,88067.93377,0.550724638,1,K-8,2:321
25Q237,Rachel Carson (I.S. 237),Middle (6-8),QUEENS,40.749545,-73.822073,64,,30,0,8,4,432.6666667,85.2,1153,20225.48,87189.70688,0.661787365,1,Middle (6-8),1:57
25Q250,Robert F. Kennedy Community Middle School (I.S. 250),Middle (6-8),QUEENS,40.724458,-73.810216,30,,20,,,,130,84.2,328,22379.88,78374.43478,0.353846154,2,Middle (6-8),1:57
25Q252,The Queens School of Inquiry,Secondary (6-12),QUEENS,40.724458,-73.810216,30,1,20,0,0,0,53.33333333,61.3,344,23903.21,82048.29615,0.4125,1,Secondary (6-12),7:288
25Q281,East-West School of International Studies,Secondary (6-12),QUEENS,40.749545,-73.822073,73,1,30,17,17,6,61.33333333,86.6,560,23501.11,82749.66957,0.782608696,1,Secondary (6-12),15:649
25Q285,World Journalism Preparatory: A College Board School,Secondary (6-12),QUEENS,40.765133,-73.790083,34,4,40,0,0,0,52.66666667,57,320,20175.24,89072.86486,0.449367089,0,Secondary (6-12),11:567
25Q294,BELL Academy,Middle (6-8),QUEENS,40.782298,-73.779099,71,,50,,,,75,48.5,,,,0.662222222,1,Middle (6-8),7:375
31R049,Berta A. Dreyfus (I.S. 49),Middle (6-8),STATEN IS,40.620347,-74.081643,10,,100,15,15,15,199,94.8,576,28141.41,71496.86154,0.155778894,0,Middle (6-8),1:68
25Q499,"Queens College School for Math, Science and Technology",K-8,QUEENS,40.739246,-73.822057,78,5,50,,,,42,50.4,247,18260.19,96645.44444,0.833333333,0,K-8,1:253
31R002,George L. Egbert (I.S. 2),Middle (6-8),STATEN IS,40.576725,-74.100726,31,,100,6,6,6,312,71.6,696,21100.86,102842.0571,0.338675214,0,Middle (6-8),1:89
31R007,Elias Bernstein (I.S. 7),Middle (6-8),STATEN IS,40.523757,-74.185941,57,3,50,6,13,6,355.3333333,37.1,427,20572.56,90299.62667,0.638836773,0,Middle (6-8),14:1163
31R024,Myra S. Barnes (I.S. 24),Middle (6-8),STATEN IS,40.545281,-74.14632,43,3,100,6,3,3,357.6666667,44.4,553,24768.38,93724.11215,0.452003728,2,Middle (6-8),20:1267
31R027,Anning S. Prall (I.S. 27),Middle (6-8),STATEN IS,40.628169,-74.116997,31,,50,4,4,4,280.6666667,73.8,728,22453.29,104692.6567,0.387173397,1,Middle (6-8),14:1005
31R028,The Eagle Academy for Young Men of Staten Island,Secondary (6-12),STATEN IS,40.620347,-74.081643,20,,100,29,14,14,69.66666667,84.6,209,24904.53,97464.18103,0.210526316,1,Secondary (6-12),5:253
31R034,Tottenville (I.S. 34),Middle (6-8),STATEN IS,40.508284,-74.243428,55,,20,7,7,7,346,34.5,373,22258.48,84740.64838,0.664739884,0,Middle (6-8),15:1091
31R048,William G. Wilcox - Atlas Academy (P.S./I.S. 48),K-8,STATEN IS,40.603484,-74.091237,62,,100,0,0,0,75,42.1,401,22220.97,87329.92355,0.626666667,0,K-8,4:981
28Q358,M.S. 358,Middle (6-8),QUEENS,40.70869,-73.79798,,3,50,20,20,0,82.33333333,89.2,338,21224.78,84303.46154,0.279352227,2,Middle (6-8),4:381
31R051,Edwin Markham (I.S. 51),Middle (6-8),STATEN IS,40.622596,-74.14497,22,,100,12,0,8,401,78.3,1022,23152.33,92337.47102,0.269326683,2,Middle (6-8),9:1315
31R061,William A. Morris (I.S. 61),Middle (6-8),STATEN IS,40.634009,-74.097826,15,3,20,15,11,11,313.3333333,83,806,23919.17,92104.41772,0.219148936,0,Middle (6-8),4:327
31R063,Marsh Avenue Expeditionary Learning School - MAELS,Middle (6-8),STATEN IS,40.581315,-74.158589,57,2,40,9,0,0,140.3333333,39,170,20869.7,81951.1236,0.508313539,0,Middle (6-8),11:459
31R072,Police Officer Rocco Laurie Intermediate School (I.S. 72),Middle (6-8),STATEN IS,40.593005,-74.158988,40,3,100,17,13,10,436.3333333,64.8,912,22924.44,95186.74178,0.45683728,1,Middle (6-8),5:354
31R075,Frank D. Paulo (I.S. 75),Middle (6-8),STATEN IS,40.54438,-74.197897,57,3,50,3,3,3,431.3333333,39,530,25127.97,92593.81333,0.58423493,2,Middle (6-8),23:1371
31R080,The Michael J. Petrides School,K-12,STATEN IS,40.608517,-74.102078,41,,100,6,13,13,64,48.2,603,21762.93,83125.86549,0.427083333,1,K-12,10:1313
31R861,The Staten Island School of Civic Leadership,K-8,STATEN IS,40.620676,-74.164277,46,9,100,0,8,0,92.66666667,78.7,698,23164.61,89985.05327,0.471223022,1,K-8,1:151
05M046,The Arthur Tappan School (P.S./M.S. 46),K-8,,,,4,6,100,15,8,8,58.66666667,95,593,25162.42,74092.33333,0.073863636,1,K-8,2:661
08X467,Mott Hall Community School,Middle (6-8),BRONX,40.826526,-73.818417,,,100,0,25,13,101.3333333,86.1,286,24479.51,86213,0.174342105,2,Middle (6-8),6:331
05M123,Mahalia Jackson (P.S./M.S. 123),K-8,MANHATTAN,40.819767,-73.944433,3,,100,,,,60,95,424,29159.98,85895.13043,0.116666667,0,K-8,4:479
05M129,John H. Finley (P.S./M.S. 129),K-8,MANHATTAN,40.814637,-73.951912,5,,100,14,0,0,51,94.3,378,28812.05,99023.21622,0.104575163,1,K-8,2:435
05M148,Eagle Academy for Young Men of Harlem,Secondary (6-12),MANHATTAN,40.817372,-73.947712,7,,100,20,20,20,37,78,242,22984.65,93013.75,0.081081081,2,Secondary (6-12),7:318
05M161,Pedro Albizu Campos (P.S./M.S. 161),K-8,MANHATTAN,40.81755,-73.953041,17,,100,21,14,14,111.6666667,95,808,25150.7,85464.51389,0.191044776,0,K-8,1:419
05M286,Urban Assembly Academy for Future Leaders,Middle (6-8),MANHATTAN,40.815256,-73.955325,2,,100,0,0,0,53.66666667,91.1,152,30321.02,68956.27778,0.086956522,1,Middle (6-8),3:169
05M302,Knowledge and Power Preparatory Academy IV,Middle (6-8),MANHATTAN,40.817372,-73.947712,1,,100,,,,,,,,,,3,Middle (6-8),1:47
05M362,"Columbia Secondary School for Math, Science and Engineering",Secondary (6-12),MANHATTAN,40.810431,-73.955809,88,2,100,0,0,0,59,55,376,19327.08,81911.61224,0.892655367,2,Secondary (6-12),5:234
05M499,Frederick Douglass Academy,Secondary (6-12),MANHATTAN,40.824319,-73.93712,11,1,100,26,20,21,87.66666667,77.6,1036,19400.62,96524.9878,0.091254753,2,Secondary (6-12),13:681
12X190,ESMT - I.S. 190,Middle (6-8),BRONX,40.836575,-73.892817,16,,100,0,0,0,72.33333333,91.7,220,24758.65,92816.75,0.193548387,0,Middle (6-8),3:241
05M514,New Design Middle School,Middle (6-8),MANHATTAN,40.819572,-73.957823,4,,100,,,,41.33333333,92.3,119,37276.33,61407.8125,0.112903226,0,Middle (6-8),3:130
05M670,Thurgood Marshall Academy for Learning and Social Change,Secondary (6-12),MANHATTAN,40.815509,-73.944202,18,,100,20,0,0,55,75.5,403,21571.04,97952.68421,0.212121212,1,Secondary (6-12),13:547
12X098,Herman Ridder (J.H.S. 98),Middle (6-8),BRONX,40.8359,-73.890458,17,,100,22,22,22,79.33333333,95,229,26126.12,82027.18182,0.113445378,0,Middle (6-8),1:80
12X129,The Academy for Independent Learning and Leadership (P.S./M.S. 129),Middle (6-8),BRONX,40.845878,-73.886184,18,,200,0,0,0,155.6666667,94,480,24120.84,87016.78049,0.239828694,1,Middle (6-8),6:517
12X211,P.S./M.S. X211,K-8,BRONX,40.843546,-73.889755,25,,100,50,63,38,72.33333333,93,525,23887.55,92985.8913,0.290322581,0,K-8,5:598
12X212,P.S./M.S 212,K-8,BRONX,40.828419,-73.900721,11,,100,,,,50,95,397,27297.33,63761.23333,0.12,1,K-8,3:437
12X214,P.S. 214,K-8,BRONX,40.839565,-73.880358,19,,100,0,8,0,135.6666667,89.4,893,21698.13,85019.92405,0.122850123,0,K-8,4:539
12X217,School of Performing Arts,Middle (6-8),BRONX,40.822443,-73.893902,7,,200,25,14,13,83,95,289,28544.53,93034.83333,0.144578313,0,Middle (6-8),1:75
12X242,Mott Hall V,Secondary (6-12),BRONX,40.831416,-73.877785,13,,100,8,25,33,60.33333333,87,578,22496.04,77334.75,0.220994475,0,Secondary (6-12),6:341
12X267,Bronx Latin,Secondary (6-12),BRONX,40.827743,-73.900105,18,1,100,5,10,5,50.33333333,94.8,546,22187,81501.3125,0.231788079,0,Secondary (6-12),4:193
12X271,East Bronx Academy for the Future,Secondary (6-12),BRONX,40.836356,-73.888361,17,1,100,9,9,9,78.33333333,92.7,616,24637.57,77218.80328,0.153191489,1,Secondary (6-12),14:671
12X273,Frederick Douglass Academy V,Middle (6-8),BRONX,40.848472,-73.888561,10,,100,,,,66,89.3,199,25631.14,84229.35714,0.146464646,2,Middle (6-8),1:224
02M408,Professional Performing Arts School,Secondary (6-12),MANHATTAN,40.761448,-73.988019,,,100,14,14,0,20.33333333,37.9,206,19064.49,95439.82517,0.803278689,1,Secondary (6-12),8:565
12X286,Fannie Lou Hamer Middle School,Middle (6-8),BRONX,40.831165,-73.887094,6,,100,10,20,20,87.66666667,88.4,240,27037.91,82465.33333,0.045627376,0,Middle (6-8),1:92
12X316,Knowledge and Power Preparatory Academy III,Middle (6-8),BRONX,40.845878,-73.886184,26,,200,21,36,29,120.6666667,92.2,347,21449.21,65389.58065,0.229281768,1,Middle (6-8),2:77
12X318,"The School of Mathematics, Science and Technology through the Arts (I.S. 318)",Middle (6-8),BRONX,40.843546,-73.889755,13,1,100,9,9,9,79,95,252,26794.09,69457.04,0.092827004,2,Middle (6-8),3:128
12X341,ACCION Academy,Middle (6-8),BRONX,40.842084,-73.891116,10,,100,,,,47.33333333,92.1,137,30690.72,204246.1667,0.077464789,1,Middle (6-8),3:151
12X372,Urban Assembly School for Wildlife Conservation,Secondary (6-12),BRONX,40.843945,-73.884788,8,,100,,,,,,,,,,1,Secondary (6-12),12:473
12X383,Emolior Academy,Middle (6-8),BRONX,40.839565,-73.880358,17,,100,22,22,22,84,92.3,236,25009.11,68269.30769,0.138888889,1,Middle (6-8),4:259
12X384,Entrada Academy,Middle (6-8),BRONX,40.822443,-73.893902,7,,200,0,0,0,,,,,,,0,Middle (6-8),2:249
16K035,Stephen Decatur Middle School 35,Middle (6-8),BROOKLYN,40.681896,-73.935963,23,1,200,0,0,0,74.33333333,87.3,209,25741.55,96750.46667,0.143497758,1,Middle (6-8),3:245
16K057,Ron Brown Academy (M.S. 57),Middle (6-8),BROOKLYN,40.691274,-73.933697,17,,100,20,20,20,47.66666667,94.5,186,31928.59,70355.94444,0.153846154,0,Middle (6-8),3:199
16K267,"The Math, Science & Technology Institute (M.S. 267)",Middle (6-8),BROOKLYN,40.68832,-73.932275,51,,100,10,10,10,60,89.9,233,26052.63,88560,0.294444444,1,Middle (6-8),2:89
16K308,The Clara Cardwell Elementary and Middle School (P.S./M. S. 308),K-8,BROOKLYN,40.688695,-73.935499,3,,100,33,33,33,35.66666667,90.2,227,37840.21,86458.93548,0.056074766,0,K-8,3:275
16K681,Madiba Prep Middle School,Middle (6-8),BROOKLYN,40.692126,-73.931731,17,,20,,,,42,93.1,138,30015.97,78533.81818,0.055555556,1,Middle (6-8),4:159
17K002,Parkside Preparatory Academy,Middle (6-8),BROOKLYN,40.656183,-73.951583,21,,100,0,0,0,154.6666667,90.9,438,23231.32,87971.97143,0.219827586,0,Middle (6-8),8:493
17K061,Dr. Gladstone H. Atwell Middle School (M.S. 61),Middle (6-8),BROOKLYN,40.664007,-73.94922,22,,100,25,13,13,222,73.9,506,25128.34,82190.17822,0.295795796,3,Middle (6-8),4:725
17K138,P.S. 138,K-8,BROOKLYN,40.67438,-73.951443,36,,20,,,,70.66666667,93.8,498,27688.72,90297.70833,0.382075472,,K-8,2:565
17K181,P.S. 181,K-8,BROOKLYN,40.648215,-73.946374,16,,20,13,25,25,75,76.5,487,26022.54,75591.47368,0.235555556,0,K-8,3:689
17K189,The Bilingual Center (P.S. 189),K-8,BROOKLYN,40.665565,-73.926246,60,,20,0,0,0,115.3333333,93,971,20159.89,89647.92553,0.595375723,0,K-8,4:527
17K246,Walt Whitman (I.S. 246),Middle (6-8),BROOKLYN,40.648608,-73.952821,10,,10,0,0,0,111.3333333,87.4,352,26208.16,96258.93548,0.143712575,1,Middle (6-8),4:413
17K340,I.S. 340,Middle (6-8),BROOKLYN,40.676094,-73.97038,15,,100,0,0,0,66.33333333,81.3,178,23203.4,78265.76471,0.361809045,1,Middle (6-8),3:224
17K352,Ebbets Field Middle School,Middle (6-8),BROOKLYN,40.665035,-73.959031,13,,100,0,0,0,49.33333333,95,164,34813.82,74741.95,0.27027027,0,Middle (6-8),3:167
17K353,Elijah Stroud Middle School,Middle (6-8),BROOKLYN,40.674406,-73.960254,13,,100,,,,43,95,138,29023.38,88916.75,0.11627907,0,Middle (6-8),3:146
17K354,The School of Integrated Learning,Middle (6-8),BROOKLYN,40.672713,-73.936924,32,,20,0,0,0,76.66666667,94.1,233,24701.26,85137.23735,0.456521739,1,Middle (6-8),2:127
17K382,Academy for College Preparation and Career Exploration: A College Board School,Secondary (6-12),BROOKLYN,40.649787,-73.95855,12,,30,20,20,20,40.66666667,79.6,327,21215.24,89729.59091,0.032786885,1,Secondary (6-12),3:211
17K394,The Mary McLeod Bethune Middle School (M.S. 394),K-8,BROOKLYN,40.672762,-73.927973,4,,10,0,0,0,49.33333333,88.5,380,23685.87,76921.60526,0.189189189,0,K-8,2:477
17K484,Ronald Edmonds Learning Center II,Middle (6-8),BROOKLYN,40.673073,-73.919594,14,,10,0,0,0,41,89.9,141,25051.34,82590.13333,0.235772358,0,Middle (6-8),4:159
17K543,"Science, Technology and Research Early College School at Erasmus",Secondary (6-12),BROOKLYN,40.649787,-73.95855,39,,30,0,0,0,57.33333333,78.7,410,19751.51,91887.29814,0.610465116,1,Secondary (6-12),10:541
17K590,Medgar Evers College Preparatory School,Secondary (6-12),BROOKLYN,40.667195,-73.951167,65,2,20,0,0,0,48.66666667,71.3,844,16726.21,99061.0231,0.684931507,0,Secondary (6-12),7:419
17K722,New Heights Middle School,Middle (6-8),BROOKLYN,40.662447,-73.936382,13,,20,11,11,11,72,89.3,203,27743.3,74810.82707,0.152777778,0,Middle (6-8),2:117
26Q067,Louis Pasteur Middle School 67Q,Middle (6-8),QUEENS,40.762708,-73.733694,81,,20,6,6,6,171,41.2,360,17537.62,86549.81132,0.828460039,1,Middle (6-8),8:447
26Q074,Nathaniel Hawthorne (J.H.S. 74),Middle (6-8),QUEENS,40.745201,-73.767446,77,3,20,6,5,5,302,49.1,562,19659.51,86606.01408,0.750551876,2,Middle (6-8),19:1160
26Q158,Marie Curie (M.S. 158),Middle (6-8),QUEENS,40.756139,-73.772862,70,3,10,50,50,50,277,57,593,18826.35,99828.48276,0.696750903,0,Middle (6-8),14:1059
26Q172,Irwin Altman (M.S. 172),Middle (6-8),QUEENS,40.741944,-73.712965,55,3,10,20,40,20,269.6666667,63.2,609,19967.16,95535.33333,0.572311496,5,Middle (6-8),13:978
26Q178,The Holliswood School (P.S./I.S. 178),K-8,QUEENS,40.724479,-73.777454,75,7,50,,,,36.66666667,38.3,197,19688.1,87380.60773,0.590909091,1,K-8,1:283
26Q216,George J. Ryan (M.S. 216),Middle (6-8),QUEENS,40.737517,-73.794031,72,3,50,0,5,0,459.3333333,68.6,987,17994.39,87235.05882,0.788824383,4,Middle (6-8),17:1464
02M104,Simon Baruch Middle School (J.H.S. 104),Middle (6-8),MANHATTAN,40.736094,-73.980663,,,100,0,5,4,312,45.1,497,18847.23,82294.02797,0.65491453,1,Middle (6-8),17:1134
02M114,East Side Middle School,Middle (6-8),MANHATTAN,40.780706,-73.948553,,,100,0,0,0,146.3333333,11.1,49,19314.98,83991.96667,0.958997722,1,Middle (6-8),1:75
02M126,Manhattan Academy of Technology/Jacob Riis (P.S. 126),K-8,MANHATTAN,40.710729,-73.996631,,,100,0,0,0,74.33333333,80,602,22576.09,90566.16667,0.793721973,2,K-8,5:784
02M131,Sun Yat Sen Middle School (M.S. 131),Middle (6-8),MANHATTAN,40.716553,-73.993092,,,200,0,0,0,131.3333333,93.6,407,26308.75,92574.97222,0.606598985,1,Middle (6-8),9:436
02M167,Robert F. Wagner (J.H.S. 167),Middle (6-8),MANHATTAN,40.77205,-73.958066,,,100,3,10,7,395.6666667,31.4,409,18531.05,82643.85965,0.802864364,4,Middle (6-8),23:1336
02M177,Yorkville East Middle School,Middle (6-8),MANHATTAN,40.770419,-73.951135,,,100,0,0,0,65,35.2,80,23617.04,75549.72973,0.620512821,3,Middle (6-8),5:233
02M217,The Roosevelt Island (P.S./I.S. 217),K-8,MANHATTAN,40.763894,-73.947916,,6,50,0,0,0,25.66666667,34.3,197,20401.08,78879.13349,0.480519481,2,K-8,1:308
02M225,The Ella Baker School,K-8,MANHATTAN,40.765359,-73.960059,,,200,20,20,0,8.333333333,34.1,106,24326.58,83894.18699,0.44,,K-8,1:320
02M255,The Salk School of Science (M.S. 255),Middle (6-8),MANHATTAN,40.735161,-73.982027,,,100,0,0,0,110.6666667,10.6,41,18988.33,77245.19084,0.888554217,4,Middle (6-8),5:386
02M260,The Clinton School for Writers & Artists (M.S. 260),Secondary (6-12),MANHATTAN,40.736518,-73.992725,,,100,13,25,13,63,14.2,,,,0.931216931,0,Secondary (6-12),11:604
02M276,Battery Park City School (P.S./I.S. 276),K-8,MANHATTAN,40.70644,-74.017818,,3,100,0,0,0,60.33333333,13.5,104,21093.76,79825.53968,0.751381215,3,K-8,5:827
02M289,Hudson River Middle School (I.S. 289),Middle (6-8),MANHATTAN,40.716668,-74.013542,,,100,0,0,0,85.33333333,50.2,142,20075.44,95419.83333,0.703125,1,Middle (6-8),5:283
02M297,M.S. 297,Middle (6-8),MANHATTAN,40.730999,-74.007191,,,100,,,,62.33333333,30.6,58,19276.12,219962.4818,0.598930481,0,Middle (6-8),4:193
02M312,NYC Lab Middle School for Collaborative Studies,Middle (6-8),MANHATTAN,40.742129,-74.002198,,1,100,9,9,0,137,38.8,212,19314.89,87864.35294,0.907542579,0,Middle (6-8),9:554
02M347,"P.S. 347–""47"" The American Sign Language and English Lower School",K-8,MANHATTAN,40.738548,-73.982455,,,100,17,17,17,7.333333333,62.4,111,46534.45,91060.4,0.227272727,0,K-8,2:197
02M397,Spruce Street School,K-8,MANHATTAN,40.711313,-74.005472,,,100,40,40,0,44.66666667,13.5,71,19781.2,87170.56338,0.768656716,0,K-8,1:539
02M407,Institute For Collaborative Education,Secondary (6-12),MANHATTAN,40.732447,-73.983031,,,200,,,,6.333333333,26.2,123,16538.45,85285.52,0.421052632,3,Secondary (6-12),3:164
02M413,School of the Future,Secondary (6-12),MANHATTAN,40.738952,-73.985479,,5,100,0,7,0,89.33333333,39.9,292,20265.13,84829.55253,0.664179104,0,Secondary (6-12),2:125
02M422,Quest To Learn,Secondary (6-12),MANHATTAN,40.742867,-74.002136,,1,200,0,0,0,57.33333333,68.4,401,23153.56,70961.81818,0.273255814,0,Secondary (6-12),11:586
02M442,"Ballet Tech, NYC Public School for Dance",K-8,MANHATTAN,40.73859,-73.989911,,,100,,,,14,56,75,22621.85,101655.4444,0.80952381,0,K-8,2:141
02M655,Life Sciences Secondary School,Secondary (6-12),MANHATTAN,40.783625,-73.945637,,,100,0,0,18,,82.8,468,21724.28,62063.97561,,0,Secondary (6-12),11:574
02M896,Lower Manhattan Community Middle School (M.S. 896),Middle (6-8),MANHATTAN,40.70568,-74.013302,,,100,0,8,8,112.6666667,59.2,221,22076.6,84403.51613,0.627218935,0,Middle (6-8),6:385
02M933,City Knoll Middle School,Middle (6-8),MANHATTAN,40.753091,-73.99764,,,100,17,0,0,68.33333333,75.8,175,24178.08,71350,0.224390244,2,Middle (6-8),3:118
11X019,The Judith K. Weiss Woodlawn School (P.S. 19),K-8,BRONX,40.899295,-73.8675,,,100,0,0,0,50.33333333,60.5,305,21348.32,94405.03125,0.562913907,0,K-8,0:1
11X083,The Donald Hertz School (P.S. 83),K-8,BRONX,40.849395,-73.859249,,,100,3,7,7,207.6666667,65.7,1086,20591.26,86400.03279,0.438202247,0,K-8,2:849
11X089,P.S./M.S. 89,K-8,BRONX,40.863055,-73.859387,,,100,0,0,0,132.6666667,79,1156,20435.86,80381.80311,0.27638191,0,K-8,1:516
11X127,The Castle Hill School (J.H.S. 127),Middle (6-8),BRONX,40.837931,-73.853524,,3,100,0,0,0,231.3333333,79.3,618,21974.77,85651.46643,0.259365994,0,Middle (6-8),5:403
11X144,Michelangelo Middle School (J.H.S. 144),Middle (6-8),BRONX,40.863735,-73.83607,,,100,0,0,0,147.3333333,77.8,374,25780.17,84436.64103,0.226244344,0,Middle (6-8),1:82
11X175,City Island School (P.S. 175),K-8,BRONX,40.843873,-73.785219,,,10,,,,38,52.7,170,22385.99,90256.68142,0.447368421,0,K-8,1:332
11X180,Dr. Daniel Hale Williams (I.S. 180),Middle (6-8),BRONX,40.87302,-73.833776,,,100,0,,,310,76.4,725,22481.53,97837.98507,0.366666667,1,Middle (6-8),13:968
11X181,Pablo Casals (I.S. 181),Middle (6-8),BRONX,40.87529,-73.833912,,,100,8,4,8,240.3333333,82.6,720,21809.07,79697.56522,0.319001387,1,Middle (6-8),12:883
11X194,P.S./I.S. 194,K-8,BRONX,40.834782,-73.846632,,,100,13,13,13,158.6666667,82,1062,21171.27,91746.25556,0.472689076,0,K-8,1:442
11X287,North Bronx School of Empowerment,Middle (6-8),BRONX,40.880873,-73.860904,,,100,18,18,18,188.3333333,88.2,493,24234.13,84406.38636,0.065486726,1,Middle (6-8),5:284
11X326,Bronx Green Middle School,Middle (6-8),BRONX,40.862109,-73.864577,,,200,9,9,9,106,93.9,370,22908.23,84689.35018,0.185534591,0,Middle (6-8),4:395
11X566,Pelham Gardens Middle School,Middle (6-8),BRONX,40.863735,-73.83607,,,100,14,7,0,150.6666667,77.8,345,23274.37,85377.6,0.163716814,0,Middle (6-8),9:451
11X355,Bronx Alliance Middle School,Middle (6-8),BRONX,40.884953,-73.840524,,,100,14,0,0,109.3333333,82.3,278,22995.89,70846.2069,0.091463415,1,Middle (6-8),5:339
11X370,Leaders of Tomorrow,Middle (6-8),BRONX,40.880873,-73.860904,,,100,15,17,0,121.6666667,95,381,28420.46,80612.33333,0.145205479,1,Middle (6-8),7:400
11X462,Cornerstone Academy for Social Action (CASA),Middle (6-8),BRONX,40.883025,-73.830366,,,100,,,,76.33333333,84.6,218,23871.82,85063,0.144104803,0,Middle (6-8),5:267
11X468,Pelham Academy of Academics and Community Engagement,Middle (6-8),BRONX,40.862109,-73.864577,,,200,0,0,0,97.33333333,88.5,285,23100.63,78228.21429,0.345890411,0,Middle (6-8),6:323
19K089,Cypress Hills Community School (P.S./I.S. 89),K-8,BROOKLYN,40.677697,-73.886936,,,40,0,0,8,48,92.8,410,24280.78,80467.39535,0.090277778,0,K-8,1:457
11X498,Van Nest Academy (P.S./M.S. 498),K-8,BRONX,40.84473,-73.858207,,,100,10,20,10,88,76.6,478,23049.27,88221.35556,0.46969697,3,K-8,1:212
11X529,One World Middle School At Edenwald,Middle (6-8),BRONX,40.884953,-73.840524,,,100,7,7,7,107,85.5,270,30301.12,77616.88776,0.280373832,1,Middle (6-8),5:332
11X532,Baychester Middle School,Middle (6-8),BRONX,40.884953,-73.840524,,,100,0,0,0,98.33333333,86.7,259,23025.4,76701.13043,0.118644068,0,Middle (6-8),1:60
11X556,Bronx Park Middle School,Middle (6-8),BRONX,40.862109,-73.864577,,,200,0,0,0,122.6666667,90.1,359,24128.12,69613.025,0.236413043,1,Middle (6-8),1:58
19K171,Abraham Lincoln Intermediate School (I.S. 171),Middle (6-8),BROOKLYN,40.68618,-73.869625,,,40,0,0,0,140,95,436,24524.61,95769.43978,0.152380952,0,Middle (6-8),7:444
19K218,James P. Sinnott (J.H.S. 218),Middle (6-8),BROOKLYN,40.670724,-73.874208,,,50,0,0,0,140.3333333,94.4,380,24646.55,102100.9118,0.133016627,0,Middle (6-8),7:409
19K292,Margaret Douglas (J.H.S. 292),Middle (6-8),BROOKLYN,40.671987,-73.893896,,,100,8,8,0,167.3333333,94.2,531,24486.57,92656.56751,0.298804781,0,Middle (6-8),1:63
19K364,Gateway (I.S. 364),Middle (6-8),BROOKLYN,40.645806,-73.881671,,3,10,20,0,0,114,83.4,282,22526.72,97703.69048,0.116959064,1,Middle (6-8),2:175
05M517,Teachers College Community School,K-8,MANHATTAN,40.81242,-73.953315,,1,100,,,,6.666666667,47.2,126,20227.75,94255.35,0.25,2,K-8,1:286
19K404,Academy for Young Writers,Secondary (6-12),BROOKLYN,40.657459,-73.874756,,4,30,7,20,13,66.33333333,84.2,459,23774.07,78876.54348,0.150753769,1,Secondary (6-12),5:182
19K409,East New York Family Academy,Secondary (6-12),BROOKLYN,40.661072,-73.886942,,1,50,0,0,0,59.33333333,87.3,432,22841.66,81843.425,0.342696629,1,Secondary (6-12),11:496
19K422,Spring Creek Community School,Secondary (6-12),BROOKLYN,40.657459,-73.874756,,,30,16,16,16,70.33333333,83.9,393,21996.39,84929.7619,0.123222749,0,Secondary (6-12),4:239
19K452,Frederick Douglass Academy VIII,Middle (6-8),BROOKLYN,40.64726,-73.881114,,,50,0,0,0,101,88.4,290,21841.73,91240.04348,0.198019802,0,Middle (6-8),1:84
19K654,Van Siclen Community Middle School,Middle (6-8),BROOKLYN,40.66011,-73.885387,,,40,0,17,0,90.33333333,95,281,24610.98,70867.04545,0.095940959,3,Middle (6-8),4:297
19K661,Vista Academy,Middle (6-8),BROOKLYN,40.677104,-73.883433,,,40,0,0,0,141.3333333,95,420,21831.73,83659.85185,0.337264151,2,Middle (6-8),6:431
19K662,Liberty Avenue Middle School,Middle (6-8),BROOKLYN,40.677104,-73.883433,,1,40,0,0,9,147.6666667,95,448,22104.32,74994.87805,0.264108352,1,Middle (6-8),9:466
19K663,School of the Future Brooklyn,Middle (6-8),BROOKLYN,40.665798,-73.897723,,,40,0,20,20,59.66666667,94,186,25889.04,67217.68421,0.039106145,2,Middle (6-8),4:201
19K678,The East New York Middle School of Excellence,Middle (6-8),BROOKLYN,40.669387,-73.879614,,3,20,10,0,0,81.66666667,90.5,229,25332.7,81973.59091,0.106122449,1,Middle (6-8),4:253
19K760,Highland Park Community School,Middle (6-8),BROOKLYN,40.68618,-73.869625,,1,40,11,33,11,103,93.7,299,21856.85,72667,0.145631068,1,Middle (6-8),4:319
22K014,Shell Bank (J.H.S. 14),Middle (6-8),BROOKLYN,40.593521,-73.937672,,,30,0,0,0,160.6666667,91.2,479,28375.43,88407.91579,0.273858921,0,Middle (6-8),1:105
22K078,Intermediate School 78: The School of Architectural Design & Innovative Technology,Middle (6-8),BROOKLYN,40.621224,-73.91287,,,40,8,8,0,159,85,480,24814.23,97181.39024,0.201257862,2,Middle (6-8),4:567
25Q379,M.S. 379,,QUEENS,40.785327,-73.843749,,,,,,,,,,,,,0,,
22K109,P.S./I.S. 109,K-8,BROOKLYN,40.636455,-73.933582,,8,30,9,9,0,79.33333333,87.2,566,25694.71,86789.82692,0.210084034,1,K-8,1:227
22K206,Joseph F. Lamb (P.S./I.S. 206),K-8,BROOKLYN,40.597369,-73.948946,,,30,0,0,6,103.3333333,73.6,1086,20143.63,88280.35417,0.425806452,2,K-8,6:1505
22K207,Elizabeth G. Leary (P.S. 207),K-8,BROOKLYN,40.613353,-73.930129,,,10,18,18,0,92,51.8,618,21367.09,88531.05952,0.452898551,1,K-8,3:614
22K234,Arthur W. Cunningham School (J.H.S. 234),Middle (6-8),BROOKLYN,40.60422,-73.955485,,3,50,3,0,0,594.3333333,72,1355,20078.2,101303.276,0.601794728,3,Middle (6-8),26:1907
22K240,Andries Hudde (I.S. 240),Middle (6-8),BROOKLYN,40.623561,-73.946279,,3,20,38,50,38,238,86.5,633,22830.37,92780.12,0.256302521,2,Middle (6-8),15:743
22K278,Marine Park (J.H.S. 278),Middle (6-8),BROOKLYN,40.60665,-73.939176,,,30,4,4,4,347.3333333,71.3,776,22891.36,91757.37939,0.441458733,1,Middle (6-8),1:79
22K381,I.S. 381,Middle (6-8),BROOKLYN,40.623561,-73.946279,,,20,0,0,0,82,69.3,168,26369.87,77134.95455,0.329268293,1,Middle (6-8),1:61
22K890,M.S. 890,Middle (6-8),BROOKLYN,40.645199,-73.97052,,3,100,,,,5.666666667,87.2,99,21338.61,140964.7126,0.117647059,0,Middle (6-8),1:39
30Q010,Horace Greeley (I.S. 10),Middle (6-8),QUEENS,40.759363,-73.912902,,,10,5,10,10,235.6666667,77.9,570,21599.66,90623.11111,0.405940594,0,Middle (6-8),4:247
30Q078,The Robert F. Wagner Jr. School (P.S./I.S. 78),K-8,QUEENS,40.744753,-73.957971,,2,20,,,,28.66666667,27.5,185,18518.9,75241.35849,0.593023256,1,K-8,3:706
30Q111,Jacob Blackwell (P.S. 111),K-8,QUEENS,40.758831,-73.93938,,,100,,,,22.33333333,95,279,30621.38,85389.41333,0.074626866,1,K-8,1:316
30Q122,Mamie Fay (P.S. 122),K-8,QUEENS,40.780347,-73.916655,,,50,22,11,0,96.66666667,53.6,705,17997.17,91050.1071,0.989655172,0,K-8,2:1361
30Q126,Albert Shanker School for Visual and Performing Arts (I.S. 126),Middle (6-8),QUEENS,40.766264,-73.930709,,,30,0,0,0,213.6666667,86.8,569,20888.37,82427.8,0.377535101,0,Middle (6-8),5:329
30Q127,Aerospace and Science Academy (P.S./I.S. 127),K-8,QUEENS,40.764646,-73.871641,,,100,33,22,22,138.3333333,85.8,1071,21246.59,88576.4153,0.301204819,0,K-8,4:1299
30Q141,I.S. 141 - The Steinway,Middle (6-8),QUEENS,40.775589,-73.90509,,3,10,9,9,9,360,61.3,672,18702.16,92763.27941,0.589814815,0,Middle (6-8),20:1107
30Q145,Joseph Pulitzer (I.S. 145) Magnet School of Innovation and Applied Learning,Middle (6-8),QUEENS,40.754661,-73.887112,,,10,2,4,7,536.6666667,95,1609,20912.63,84433.50388,0.377018634,1,Middle (6-8),32:1699
30Q204,The Oliver Wendell Holmes School,Middle (6-8),QUEENS,40.757065,-73.932664,,3,100,22,17,17,151.3333333,91.7,432,25071.22,71879.89583,0.31938326,1,Middle (6-8),3:242
30Q227,Louis Armstrong Middle School (I.S. 227),Middle (6-8),QUEENS,40.758408,-73.874472,,3,100,3,3,3,410,74,1146,19765.77,92134.9596,0.776422764,2,Middle (6-8),9:793
30Q230,I.S. 230,Middle (6-8),QUEENS,40.752866,-73.893193,,,100,0,4,8,412,82.3,1057,19781.71,90092.90284,0.519417476,0,Middle (6-8),7:432
30Q286,The Young Women's Leadership School of Astoria,Secondary (6-12),QUEENS,40.771215,-73.924591,,11,200,0,0,0,51.33333333,86,481,18106.94,92162.59375,0.5,1,Secondary (6-12),11:565
30Q291,Hunter's Point Community Middle School,Middle (6-8),QUEENS,40.742956,-73.959196,,,200,0,7,0,87.33333333,54.2,214,21521.98,76556.81199,0.541984733,1,Middle (6-8),12:421
30Q300,The 30th Avenue School (P.S./M.S. 300),K-8,QUEENS,40.766264,-73.930709,,3,100,14,14,0,38.33333333,27.6,123,16555.6,92365.69231,0.973913043,0,K-8,4:457
03M054,Booker T. Washington (J.H.S. 54),Middle (6-8),MANHATTAN,40.800119,-73.962837,,,100,0,0,0,200.3333333,23.7,203,18871.05,87912.34043,0.863560732,1,Middle (6-8),5:284
03M076,A. Philip Randolph (P.S./I.S. 76),K-8,MANHATTAN,40.806768,-73.951061,,,200,0,0,0,44.66666667,95,420,24590.06,84065.57576,0.097014925,1,K-8,3:472
03M149,Sojourner Truth School (03M149),K-8,MANHATTAN,40.802136,-73.947828,,,100,40,60,40,27,95,215,28005.45,77112.43243,0.061728395,1,K-8,3:235
03M165,P.S./M.S. 165: The Robert E. Simon School for Leadership,K-8,MANHATTAN,40.802917,-73.965613,,9,100,0,0,0,39,72.5,413,25502.53,54097.33333,0.085470085,0,K-8,1:604
03M250,West Side Collaborative Middle School (M.S. 250),Middle (6-8),MANHATTAN,40.795157,-73.973292,,,100,0,0,0,48.33333333,72.5,127,26988.61,86210.53571,0.165517241,1,Middle (6-8),1:89
03M180,Hugo Newman School (P.S./I.S. 180),K-8,MANHATTAN,40.807843,-73.955569,,,100,,,,44,72.7,352,23982.97,76605.26667,0.159090909,0,K-8,3:545
03M191,P.S./I.S. 191,K-8,MANHATTAN,40.771925,-73.987328,,,100,0,0,14,46.66666667,74,358,24981.27,94198.04255,0.128571429,1,K-8,1:172
03M243,The Center School (M.S. 243),Middle (6-8),MANHATTAN,40.785287,-73.97343,,2,100,0,0,0,37,12.8,28,19659.67,95399.53333,0.837837838,0,Middle (6-8),1:235
03M245,The Computer School (M.S. 245),Middle (6-8),MANHATTAN,40.780822,-73.976855,,3,100,0,22,33,97,28.5,109,20247.92,83790.91575,0.673539519,1,Middle (6-8),1:80
03M247,Dual Language Middle School (M.S. 247),Middle (6-8),MANHATTAN,40.789526,-73.967574,,,100,0,0,0,58.33333333,92.9,177,24069.22,77923.85714,0.411428571,2,Middle (6-8),5:198
03M256,Lafayette Academy (M.S. 256),Middle (6-8),MANHATTAN,40.791728,-73.970845,,,100,0,0,17,42,84.8,116,30435.34,76880.55556,0.333333333,0,Middle (6-8),1:69
03M258,Community Action School (M.S. 258),Middle (6-8),MANHATTAN,40.791728,-73.970845,,,100,0,0,0,56.33333333,77.6,168,24275.55,80394.95455,0.301775148,0,Middle (6-8),2:223
03M291,West End Secondary School,Secondary (6-12),MANHATTAN,40.772007,-73.987479,,,100,0,13,0,70.33333333,19.2,64,18913.69,88783,0.767772512,2,Secondary (6-12),2:113
03M333,The Manhattan School for Children (P.S. 333),K-8,MANHATTAN,40.791728,-73.970845,,,100,0,18,18,35.33333333,18.5,132,21251.55,78091.73038,0.556603774,2,K-8,1:251
03M334,The Anderson School (P.S. 334),K-8,MANHATTAN,40.780822,-73.976855,,,100,17,33,17,39,8.4,45,16611.15,88907.83883,0.965811966,2,K-8,1:179
03M415,Wadleigh Secondary School For the Performing & Visual Arts,Secondary (6-12),MANHATTAN,40.802207,-73.954142,,,100,10,10,10,19,82.4,225,34546.96,81473.65325,0.175438596,2,Secondary (6-12),7:278
03M421,West Prep Academy,Middle (6-8),MANHATTAN,40.799178,-73.964842,,1,100,0,13,13,50,86.2,174,25494.93,75134.94737,0.113333333,1,Middle (6-8),4:203
03M859,Special Music School,K-12,MANHATTAN,40.774919,-73.982745,,,,0,0,0,8.333333333,21.7,64,20841.24,87840.04132,1,0,K-12,3:157
03M860,Frederick Douglass Academy II Secondary School,Secondary (6-12),MANHATTAN,40.802207,-73.954142,,1,100,43,57,43,8.666666667,83.1,284,23455.49,75101.41379,0.269230769,1,Secondary (6-12),3:118
03M862,Mott Hall II,Middle (6-8),MANHATTAN,40.802917,-73.965613,,,100,0,0,17,82.66666667,62.3,212,20544.97,95401.72727,0.504032258,2,Middle (6-8),7:342
09X004,Crotona Park West (P.S./M.S. 4),K-8,BRONX,40.840891,-73.898166,,,100,14,14,14,51.66666667,93.9,504,24901.26,64965.98039,0.374193548,0,K-8,2:571
09X022,Jordan L. Mott (M.S. 22),Middle (6-8),BRONX,40.833131,-73.914027,,1,100,18,12,18,138,95,433,29016.87,83062.29787,0.120772947,0,Middle (6-8),11:444
09X117,Joseph H. Wade Academies (M.S. 117),Middle (6-8),BRONX,40.848516,-73.908427,,,100,8,21,7,158.6666667,94.9,485,30638.04,92901.38365,0.086134454,2,Middle (6-8),7:513
09X128,Mott Hall III,Middle (6-8),BRONX,40.835286,-73.900751,,,100,20,20,20,117,93.4,339,19652.97,74139.04348,0.524216524,0,Middle (6-8),8:363
09X215,Knowledge and Power Preparatory Academy (M.S. 215),Middle (6-8),BRONX,40.833511,-73.90449,,,100,20,20,20,95,92.4,287,23095.73,118506.5315,0.228070175,,Middle (6-8),3:317
09X218,The Rafael Hernandez Dual Language Magnet School (P.S./I.S. 218),K-8,BRONX,40.835847,-73.920026,,,100,7,13,13,71.33333333,88.1,875,21513.59,80336.875,0.313084112,1,K-8,6:1009
09X219,M.S. 219,Middle (6-8),BRONX,40.833511,-73.90449,,,100,0,0,0,102.6666667,95,332,30663.28,81056.27551,0.100649351,1,Middle (6-8),3:176
09X229,Dr. Roland N. Patterson School (I.S. 229),Middle (6-8),BRONX,40.852536,-73.921467,,,100,17,17,17,76.33333333,93.1,228,34296.72,92855.64286,0.069868996,0,Middle (6-8),5:246
09X231,The Eagle Academy for Young Men,Secondary (6-12),BRONX,40.844958,-73.89705,,11,100,22,11,0,37.33333333,79.6,400,22710.38,79396.75676,0.133928571,0,Secondary (6-12),11:511
09X232,The Academy School (M.S. 232),Middle (6-8),BRONX,40.849623,-73.91607,,,100,0,7,0,152.3333333,95,470,23823.9,78200.66298,0.161925602,0,Middle (6-8),9:488
09X241,The Urban Assembly School for Applied Math and Science,Secondary (6-12),BRONX,40.839244,-73.901316,,,100,15,19,15,62,95,576,22379.49,68305.66667,0.23655914,0,Secondary (6-12),1:44
09X303,The Leadership & Community Service Academy (I.S. 303),Middle (6-8),BRONX,40.849623,-73.91607,,,100,0,0,8,73,95,330,27415.37,71266.95652,0.269406393,1,Middle (6-8),5:332
09X313,School of Leadership Development (I.S. 313),Middle (6-8),BRONX,40.840878,-73.904754,,,100,43,29,29,98,92.7,291,32231.64,106519.7273,0.112244898,0,Middle (6-8),1:45
09X323,Bronx Writing Academy,Middle (6-8),BRONX,40.833131,-73.914027,,3,100,12,29,29,133.3333333,95,416,25830.89,78096.19048,0.2,2,Middle (6-8),3:146
09X324,Bronx Early College Academy,Secondary (6-12),BRONX,40.828696,-73.917668,,1,100,0,5,0,73.66666667,89.7,459,22732.98,70500.34211,0.14479638,0,Secondary (6-12),7:261
10X279,"The Captain Manuel Rivera, Jr. School (P.S. 279)",K-8,BRONX,40.854432,-73.905566,,6,100,0,0,0,128,95,1029,22592.05,80878.1125,0.260416667,,K-8,1:182
09X325,Urban Science Academy,Middle (6-8),BRONX,40.827941,-73.914374,,,200,0,0,9,,,,,,,0,Middle (6-8),5:317
09X327,Comprehensive Model School Project (M.S. 327),Secondary (6-12),BRONX,40.842495,-73.916082,,,100,7,20,0,93.66666667,91.8,668,20970.5,87640.8805,0.434163701,0,Secondary (6-12),17:734
09X328,New Millennium Business Academy Middle School,Middle (6-8),BRONX,40.827941,-73.914374,,,200,0,0,0,80,87.2,207,28067.66,98190.6,0.104166667,0,Middle (6-8),3:242
09X339,School of Communication Technology (M.S. 339),Middle (6-8),BRONX,40.840878,-73.904754,,,100,19,13,6,150,92.2,471,29272.06,84690.56364,0.18,0,Middle (6-8),11:516
23K137,The Rachel Jean Mitchell School (P.S./I.S. 137),K-8,BROOKLYN,40.682458,-73.917088,,,50,0,0,0,24.33333333,93.4,258,28402.23,87914.27586,0.164383562,0,K-8,2:303
09X350,New Directions Secondary School,Secondary (6-12),BRONX,40.840422,-73.91091,,,100,20,20,20,17.33333333,95,224,34087.65,75193.72,0,0,Secondary (6-12),7:234
09X361,The Highbridge Green School,Middle (6-8),BRONX,40.838224,-73.927891,,,100,12,24,18,112.6666667,95,386,25762.15,73017.24324,0.115384615,0,Middle (6-8),9:397
09X413,Bronx School for Medical Science,Secondary (6-12),BRONX,40.840422,-73.91091,,,100,0,0,0,46,84.8,361,23763.35,86475.60606,0.311594203,0,Secondary (6-12),11:433
09X454,Science and Technology Academy: A Mott Hall School,Middle (6-8),BRONX,40.828696,-73.917668,,,100,0,6,0,142.3333333,94,410,23190.05,70618.84615,0.451990632,2,Middle (6-8),10:447
29Q059,Springfield Gardens (I.S. 59),Middle (6-8),QUEENS,40.68173,-73.753429,,,50,0,0,0,169.6666667,75.8,432,21942.59,99273.35,0.147347741,0,Middle (6-8),3:293
09X505,"Bronx School for Law, Government and Justice",Secondary (6-12),BRONX,40.827607,-73.918681,,5,100,6,13,13,86,90.9,693,21785.68,78212.63158,0.329457364,0,Secondary (6-12),13:771
09X568,Young Women's Leadership School of the Bronx,Secondary (6-12),BRONX,40.848516,-73.908427,,5,100,13,7,7,73.33333333,87.3,401,20733.45,83705.97297,0.390909091,0,Secondary (6-12),3:155
10X003,Raul Julia (P.S./M.S. 3),K-8,BRONX,40.849897,-73.892289,,,100,0,0,0,26,94.8,307,25843.28,96913.54167,0.320512821,0,K-8,1:348
10X015,The Institute for Environmental Learning (P.S. 15),K-8,BRONX,40.85881,-73.909746,,,100,0,0,0,53.66666667,79.8,379,22955.36,94810.12308,0.540372671,0,K-8,1:160
10X020,"Police Officer George J. Werdann, III (P.S./M.S. 20)",K-8,BRONX,40.870002,-73.878875,,,100,9,9,9,107.6666667,95,998,23410.98,87424.92994,0.263157895,0,K-8,3:536
10X037,The Multiple Intelligences School (P.S. 37),K-8,BRONX,40.880263,-73.910466,,,100,0,0,0,52.66666667,86.5,551,24492.36,88422.79279,0.348101266,1,K-8,5:646
10X045,Thomas C. Giordano Middle School (M.S. 45),Middle (6-8),BRONX,40.859034,-73.886913,,3,100,22,33,33,208.3333333,95,689,22792.87,82197.32143,0.0832,0,Middle (6-8),1:71
10X080,JHS 080 The Mosholu Parkway (M.S. 80),Middle (6-8),BRONX,40.876299,-73.881532,,,100,0,6,6,161.3333333,91,626,23998.23,70875.38,0.204545455,0,Middle (6-8),11:691
10X095,The Sheila Mencher Van Cortlandt School (P.S/M.S 95),K-8,BRONX,40.882898,-73.891256,,,100,,,,130.3333333,82.4,1046,21671.21,88468.36384,0.225063939,0,K-8,1:322
10X118,"William W. Niles (M.S. 118) Pace, Spectrum & Excellence",Middle (6-8),BRONX,40.848339,-73.89308,,,100,14,21,21,363.3333333,90.2,1054,21928.19,82307.19565,0.351376147,1,Middle (6-8),21:1174
10X141,Riverdale/Kingsbridge Academy (M.S./H.S. 141),Secondary (6-12),BRONX,40.888338,-73.913486,,,100,6,11,11,206,52.9,778,19073.12,94261.51064,0.417475728,0,Secondary (6-12),26:1513
10X206,Ann Mersereau (M.S. 206),Middle (6-8),BRONX,40.859686,-73.906495,,,100,29,29,29,59.66666667,91.3,187,27591.46,109337.3885,0.150837989,0,Middle (6-8),4:207
10X225,Theatre Arts Production Company School (TAPCo),Secondary (6-12),BRONX,40.854493,-73.896717,,,100,0,0,0,55.33333333,81.1,485,21876.73,86361.41304,0.210843373,0,Secondary (6-12),9:608
32K291,Roland Hayes (J.H.S. 291),Middle (6-8),BROOKLYN,40.695362,-73.915142,,,50,0,0,0,90.33333333,95,271,29669.71,84917.93333,0.099630996,0,Middle (6-8),3:280
10X228,Jonas Bronck Academy,Middle (6-8),BRONX,40.861668,-73.891337,,1,100,0,0,14,88,90.7,240,23585.74,78534,0.515151515,1,Middle (6-8),5:268
10X243,West Bronx Academy for the Future,Secondary (6-12),BRONX,40.860043,-73.888267,,,100,0,11,0,67.66666667,94.6,574,23973.19,91573.57778,0.118226601,0,Secondary (6-12),11:607
10X244,The New School for Leadership and the Arts,Middle (6-8),BRONX,40.875911,-73.901099,,1,100,10,14,5,219.6666667,95,724,21870.97,87522.9434,0.212443096,1,Middle (6-8),3:187
10X254,TEAM 254,Middle (6-8),BRONX,40.858815,-73.890232,,,100,,,,137.6666667,90.6,416,24587.49,85910.62162,0.200968523,0,Middle (6-8),8:469
10X280,P.S./M.S. 280,K-8,BRONX,40.877202,-73.881773,,,100,0,9,0,104,95,840,22355.11,83347.08955,0.326923077,0,K-8,1:438
10X308,Bronx Dance Academy,Middle (6-8),,,,,,100,,,,81.33333333,93.7,250,21868.14,89798.21053,0.225409836,1,Middle (6-8),4:269
10X315,The Lab School (P.S. 315),K-8,BRONX,40.857842,-73.904202,,,100,,,,30.66666667,95,243,24279.04,92860.93333,0.369565217,,K-8,0:1
10X331,The Bronx School of Young Leaders,Middle (6-8),BRONX,40.851823,-73.91118,,,100,0,0,0,120.6666667,89.2,359,25884.57,81708.36364,0.267955801,0,Middle (6-8),6:409
23K323,P.S./I.S. 323,K-8,BROOKLYN,40.666545,-73.910904,,,10,0,0,0,66.33333333,94.4,485,22206.78,104758.2941,0.170854271,1,K-8,0:1
10X342,International School for Liberal Arts,Secondary (6-12),BRONX,40.870293,-73.898309,,4,200,7,7,8,46.66666667,95,510,24314.9,88755.31818,0.114285714,1,Secondary (6-12),9:523
10X363,Academy for Personal Leadership and Excellence,Middle (6-8),BRONX,40.859752,-73.900161,,,100,6,0,11,173.6666667,94.6,496,30354.36,91323.41509,0.101727447,0,Middle (6-8),7:557
10X368,IN-Tech Academy (M.S./H.S. 368),Secondary (6-12),BRONX,40.879368,-73.909896,,4,100,12,12,12,106.3333333,87.1,866,21316.84,93066.14583,0.26645768,1,Secondary (6-12),1:59
10X390,M.S. 390,Middle (6-8),BRONX,40.854701,-73.913197,,,100,0,0,10,168.3333333,95,529,25291.75,81818.43478,0.225742574,0,Middle (6-8),10:539
32K384,Frances E. Carter School (P.S./I.S. 384),K-8,BROOKLYN,40.690353,-73.904803,,,10,0,17,0,52.66666667,88.7,429,27160.58,83982.90698,0.215189873,,K-8,2:513
10X391,The Angelo Patri Middle School,Middle (6-8),BRONX,40.854493,-73.896717,,,100,29,27,33,166.3333333,92.6,487,28384.12,73252.375,0.078156313,0,Middle (6-8),9:530
10X447,The Creston Academy for Responsibility and Excellence (C.A.R.E.),Middle (6-8),BRONX,40.854872,-73.903458,,,100,0,19,13,149.3333333,92.4,422,24746.69,73589.57921,0.265625,0,Middle (6-8),7:460
10X459,East Fordham Academy for the Arts,Middle (6-8),BRONX,40.859752,-73.900161,,,100,,,,92,,256,25545.07,77739.34615,0.054347826,0,Middle (6-8),5:278
23K041,Walter Francis White (P.S. 41),K-8,BROOKLYN,40.660306,-73.907355,,,20,33,17,33,56.66666667,95,449,25096.82,90309.21053,0.2,0,K-8,0:1
23K155,The Nicholas Herkimer School (P.S./I.S. 155),K-8,BROOKLYN,40.677415,-73.908734,,,100,14,29,29,36.66666667,95,373,26357.41,104543.1212,0.209090909,2,K-8,0:1
23K178,St. Clair McKelway School (P.S. 178),K-8,BROOKLYN,40.675024,-73.915778,,,10,,,,30,89.4,279,25793.28,89985.13793,0.133333333,0,K-8,1:377
23K184,The Newport School (P.S./I.S. 184),K-8,BROOKLYN,40.659966,-73.904901,,,20,40,60,60,44.33333333,91.5,479,25380.8,94047.91304,0.135338346,0,K-8,2:567
23K284,"The Gregory Jocko Jackson School of Sports, Art, and Technology (P.S./I.S. 284)",K-8,BROOKLYN,40.667377,-73.908214,,,50,0,20,0,50.33333333,94.7,430,29958.24,67069.825,0.145695364,1,K-8,1:474
23K363,Brownsville Collaborative Middle School,Middle (6-8),BROOKLYN,40.670986,-73.908194,,,50,20,20,0,19,92.6,98,23315.3,188314.8,0.157894737,0,Middle (6-8),1:54
23K392,I.S. 392,Middle (6-8),BROOKLYN,40.665965,-73.918107,,2,20,14,0,14,77.66666667,75.6,220,22780.66,81871.63636,0.381974249,0,Middle (6-8),7:295
23K518,KAPPA V (Knowledge and Power Preparatory Academy V),Middle (6-8),BROOKLYN,40.656068,-73.907245,,,20,,,,62.33333333,86.4,187,26417.04,109100.7299,0.069518717,1,Middle (6-8),1:114
23K522,Mott Hall IV,Middle (6-8),BROOKLYN,40.677805,-73.915843,,,100,,,,39.66666667,90,143,29411.94,64645.07143,0.092436975,1,Middle (6-8),3:160
04M050,Vito Marcantonio (P.S./I.S. 50),K-8,MANHATTAN,40.785258,-73.941526,,6,100,0,20,20,,,,,,,0,K-8,2:251
23K644,Eagle Academy for Young Men II,Secondary (6-12),BROOKLYN,40.677805,-73.915843,,,100,0,0,0,49,82.2,518,20929.12,75594.92683,0.367346939,1,Secondary (6-12),13:647
23K664,Brooklyn Environmental Exploration Schools (BEES),Middle (6-8),BROOKLYN,40.680318,-73.910644,,1,100,17,17,17,25,95,93,34634.58,68559.08397,0.24,0,Middle (6-8),2:95
23K668,Riverdale Avenue Middle School,Middle (6-8),BROOKLYN,40.660204,-73.913933,,,20,40,60,40,37,95,123,29590.21,87250.09091,0.144144144,0,Middle (6-8),3:127
23K671,Mott Hall Bridges Academy,Middle (6-8),BROOKLYN,40.666545,-73.910904,,,10,0,0,0,60.33333333,95,188,26431.56,76956.16667,0.243093923,2,Middle (6-8),3:199
29Q109,Jean Nuzzi Intermediate School (I.S. 109),Middle (6-8),QUEENS,40.720713,-73.747001,,,20,0,0,6,318,67.2,739,19140.49,92737.20567,0.275681342,2,Middle (6-8),17:1108
29Q116,William C. Hughley (P.S./I.S. 116),K-8,QUEENS,40.700606,-73.782302,,,20,0,11,0,60,79.5,587,22063.66,91024.10169,0.2,0,K-8,1:396
29Q138,The Sunrise School (P.S./M.S. 138),K-8,QUEENS,40.659728,-73.735176,,,20,17,17,0,95.66666667,80.1,562,21951.06,87170.64151,0.160278746,0,K-8,4:763
29Q147,Ronald McNair (P.S./M.S. 147),K-8,QUEENS,40.697309,-73.740948,,,10,13,0,13,67,74.5,416,24209.69,96752.84444,0.164179104,0,K-8,2:593
29Q192,I.S. 192,Middle (6-8),QUEENS,40.70646,-73.753579,,,40,17,0,0,152.6666667,74.9,350,22361.29,99307.28125,0.104803493,2,Middle (6-8),1:81
29Q208,P.S./I.S. 208,K-8,QUEENS,40.745948,-73.727456,,,10,,,,81.33333333,47.2,324,20689.27,82867.24528,0.360655738,0,K-8,4:707
29Q238,Susan B. Anthony (I.S. 238),Middle (6-8),QUEENS,40.713094,-73.780468,,,10,15,9,9,286,90,1259,21031.8,82853.24,0.257575758,1,Middle (6-8),23:1404
29Q259,Pathways College Preparatory School: An Early College School,Secondary (6-12),QUEENS,40.70646,-73.753579,,7,40,17,17,17,60.33333333,75,431,21154.35,85651.5,0.226519337,0,Secondary (6-12),10:583
29Q268,P.S./I.S. 268,K-8,QUEENS,40.707537,-73.785626,,9,10,,,,46.33333333,79.1,494,20515.01,81443.2449,0.26618705,1,K-8,3:632
29Q270,The Gordon Parks School for Inquisitive Minds (P.S./I.S 270),K-8,QUEENS,40.674831,-73.736713,,6,40,8,8,17,105,68.1,475,19626.71,87056.68627,0.358730159,0,K-8,4:753
29Q283,Preparatory Academy for Writers: A College Board School,Secondary (6-12),QUEENS,40.668235,-73.756839,,,200,13,13,13,20,69.7,404,19754.35,90979.3125,0.316666667,0,Secondary (6-12),1:84
29Q289,Queens United Middle School,Middle (6-8),QUEENS,40.673069,-73.743173,,,100,0,0,0,54,74.5,152,23442.93,61390.875,0.098765432,0,Middle (6-8),5:204
29Q295,P.S./I.S. 295,K-8,QUEENS,40.720619,-73.731997,,5,10,,,,53.66666667,78.2,372,23868.18,88063.70732,0.527950311,0,K-8,3:496
29Q327,Eagle Academy for Young Men III,Secondary (6-12),QUEENS,40.691712,-73.778923,,,10,0,14,14,43.33333333,73.6,382,21301.83,82664,0.146153846,0,Secondary (6-12),2:177
29Q355,Collaborative Arts Middle School,Middle (6-8),QUEENS,40.664597,-73.758748,,1,,15,0,8,94.33333333,78.7,235,24396.11,93497.78261,0.127208481,0,Middle (6-8),6:305
29Q356,Community Voices Middle School,Middle (6-8),QUEENS,40.664597,-73.758748,,2,,0,17,0,94,73.2,215,24027.07,87459.41667,0.113475177,0,Middle (6-8),3:151
32K045,Horace E. Greene (P.S./I.S. 45K),K-8,BROOKLYN,40.686746,-73.910693,,2,20,63,38,13,55,83.4,524,23086.43,84933.96,0.272727273,0,K-8,1:227
32K162,Willoughby School (J.H.S. 162),Middle (6-8),BROOKLYN,40.707229,-73.919805,,1,20,20,10,0,112.6666667,90.3,325,27309.55,66580.8011,0.218934911,3,Middle (6-8),7:360
32K347,School of Humanities (I.S. 347),Middle (6-8),BROOKLYN,40.70069,-73.927481,,,200,0,0,0,98.66666667,95,295,27694.64,91717.03846,0.125,1,Middle (6-8),1:78
32K349,"Math, Science & Technology (I.S. 349)",Middle (6-8),BROOKLYN,40.70069,-73.927481,,3,200,33,33,22,98.33333333,95,303,26233.04,97607.14286,0.233898305,1,Middle (6-8),7:310
32K377,Alejandrina Benitez de Gautier School (P.S. 377),K-8,BROOKLYN,40.694018,-73.915263,,,10,,,,36.33333333,93.7,277,36962.11,46729.72603,0.064220183,0,K-8,2:315
32K383,Philippa Schuyler (J.H.S. 383),Middle (6-8),BROOKLYN,40.697781,-73.919777,,,20,9,14,14,252.3333333,83.5,726,20850.38,82978.61667,0.441215324,1,Middle (6-8),12:871
32K554,All City Leadership Secondary School,Secondary (6-12),BROOKLYN,40.69737,-73.913171,,2,10,0,0,0,39.66666667,85.7,371,17677.32,93317.44444,0.924369748,1,Secondary (6-12),2:145
15K497,Boerum Hill School for International Studies,Secondary (6-12),BROOKLYN,40.685419,-73.993351,,,100,0,7,0,101.6666667,58.1,358,20076.8,84994.74468,0.485245902,0,Secondary (6-12),3:158
32K562,The Evergreen Middle School for Urban Exploration,Middle (6-8),BROOKLYN,40.688387,-73.910276,,,50,13,7,7,75,91.5,309,24978.35,73365.27778,0.155555556,1,Middle (6-8),7:342
04M007,Samuel Stern (P.S./M.S. 7),K-8,MANHATTAN,40.801007,-73.939349,,,100,0,0,0,39.66666667,91.9,305,24015.6,111813.2258,0.067226891,1,K-8,2:357
04M012,Talented and Gifted School for Young Scholars,K-8,MANHATTAN,40.79307,-73.942303,,,100,,,,54,40.9,226,16425.28,76014.53441,0.975308642,1,K-8,2:587
04M057,James Weldon Johnson Leadership Academy,K-8,MANHATTAN,40.797577,-73.94128,,2,100,,,,85.66666667,89.5,687,22814.19,75258.53623,0.13618677,0,K-8,2:409
04M072,The Lexington Academy,K-8,MANHATTAN,40.791179,-73.947776,,,100,0,0,0,70,91.3,537,25661.11,83140.44643,0.171428571,2,K-8,1:155
04M096,Joseph Lanzetta School (P.S./M.S. 96),K-8,MANHATTAN,40.800256,-73.937558,,3,100,10,20,0,48,95,360,28867.27,82662.47727,0.152777778,0,K-8,5:397
04M108,School of Authors (P.S./M.S. 108 ),K-8,MANHATTAN,40.795146,-73.948368,,,100,17,17,17,63.66666667,89.6,392,29548.06,94444.44186,0.178010471,1,K-8,1:452
04M171,Patrick Henry Preparatory School (PS/IS 171),K-8,MANHATTAN,40.792122,-73.951961,,,100,,,,86.33333333,69.7,481,21058.57,98878.57143,0.691119691,1,K-8,1:725
04M206,Jose Celso Barbosa (P.S./M.S. 206),K-8,MANHATTAN,40.797467,-73.930868,,,100,21,25,21,40.33333333,84.6,398,38199.37,83042.875,0.123966942,0,K-8,1:473
04M224,Manhattan East School for Arts & Academics (M.S. 224),Middle (6-8),MANHATTAN,40.785671,-73.942548,,,100,0,0,0,36.66666667,74.4,125,26459.99,83885.15152,0.354545455,0,Middle (6-8),3:172
04M372,Esperanza Preparatory Academy,Secondary (6-12),MANHATTAN,40.79307,-73.942303,,,100,17,25,17,52,92.7,506,27581.15,77343.46154,0.121794872,0,Secondary (6-12),12:559
04M377,Renaissance School of The Arts,Middle (6-8),MANHATTAN,40.797302,-73.936365,,,50,,,,27.33333333,94.6,137,28424.88,74969.35294,0.292682927,1,Middle (6-8),1:49
04M406,Global Technology Preparatory,Middle (6-8),MANHATTAN,40.801007,-73.939349,,,100,,,,,,,,,,1,Middle (6-8),1:125
04M610,The Young Women's Leadership School,Secondary (6-12),MANHATTAN,40.792741,-73.947428,,,100,0,0,0,30.33333333,81.1,384,19522.81,82461.96875,0.417582418,1,Secondary (6-12),10:481
04M825,Isaac Newton Middle School for Math and Science,Middle (6-8),MANHATTAN,40.793856,-73.934028,,,200,,,,41,91.1,175,25917.5,102667.7059,0.227642276,2,Middle (6-8),1:32
04M964,Central Park East II,K-8,MANHATTAN,40.795146,-73.948368,,,100,0,0,0,25.66666667,43.3,184,23908.44,91289.53039,0.090909091,,K-8,1:448
08X131,The Albert Einstein School (J.H.S. 131),Middle (6-8),BRONX,40.823526,-73.859662,,,100,17,25,8,147,85.7,388,25564.27,93891.10811,0.215419501,0,Middle (6-8),3:230
08X071,Rose E. Scala (P.S. 71),K-8,BRONX,40.845787,-73.829829,,,100,11,0,11,181.6666667,73.5,1201,20872.31,84430.26446,0.475229358,0,K-8,4:823
08X101,The Edward R. Byrne School (M.S. 101),Middle (6-8),BRONX,40.827471,-73.829753,,,100,0,14,0,166.3333333,74.7,392,21428.09,86007.65,0.501002004,0,Middle (6-8),2:263
08X123,The James M. Kieran School (J.H.S. 123),Middle (6-8),BRONX,40.825403,-73.873666,,3,100,0,18,9,104,87.9,310,28934.84,95651.81818,0.163461538,0,Middle (6-8),7:355
08X125,Henry Hudson School (J.H.S. 125),Middle (6-8),BRONX,40.829232,-73.856734,,,100,0,0,20,,,,,,,1,Middle (6-8),6:359
08X301,The Paul L. Dunbar Middle School (M.S. 301),Middle (6-8),BRONX,40.822474,-73.907194,,,100,14,14,0,80.33333333,95,232,28985.37,80053.80952,0.10373444,0,Middle (6-8),4:245
08X302,Luisa Dessus Cruz Middle School (M.S. 302),Middle (6-8),BRONX,40.815429,-73.902139,,,100,0,10,0,157.6666667,94.7,459,25866.44,84832.16,0.21564482,1,Middle (6-8),7:488
08X337,The School for Inquiry and Social Justice,Middle (6-8),BRONX,40.825403,-73.873666,,,100,6,6,6,156,81.1,414,21945.52,75970.85427,0.474358974,0,Middle (6-8),5:518
08X367,"Archimedes Academy for Math, Science and Technology Applications",Secondary (6-12),BRONX,40.814833,-73.85658,,10,100,27,27,20,89.66666667,83.8,566,22582.45,86193.07547,0.17472119,0,Secondary (6-12),17:686
08X371,The Urban Institute of Mathematics,Middle (6-8),BRONX,40.826526,-73.818417,,,100,13,13,13,108.3333333,78.9,270,23852.8,87150.07937,0.264615385,0,Middle (6-8),2:175
08X375,The Bronx Mathematics Preparatory School,Middle (6-8),BRONX,40.814833,-73.85658,,,100,20,10,20,70.66666667,95,238,31635.36,84886.45833,0.132075472,3,Middle (6-8),1:60
08X376,The Antonia Pantoja Preparatory Academy: A College Board School,Secondary (6-12),BRONX,40.82229,-73.856167,,,100,36,27,36,54,83.2,329,24662.19,81512.27778,0.191358025,0,Secondary (6-12),5:202
15K447,The Math & Science Exploratory School,Middle (6-8),BROOKLYN,40.683559,-73.98027,,3,100,13,7,13,106.6666667,20.8,106,25944.58,94431.7,0.809375,2,Middle (6-8),1:66
08X424,The Hunts Point School,Middle (6-8),BRONX,40.815477,-73.88577,,,100,0,0,11,95,95,292,29717.85,72120.27586,0.056140351,0,Middle (6-8),5:309
08X448,Soundview Academy for Culture and Scholarship,Middle (6-8),BRONX,40.823526,-73.859662,,,100,0,10,0,117.6666667,79.7,305,23102.17,78018.27586,0.21529745,0,Middle (6-8),4:385
08X562,Blueprint Middle School,Middle (6-8),BRONX,40.829232,-73.856734,,,100,11,0,0,105.6666667,84.5,282,26290.38,153521.7857,0.277602524,2,Middle (6-8),5:336
15K051,William Alexander Middle School (M.S. 51),Middle (6-8),BROOKLYN,40.672015,-73.983947,,,20,10,10,10,276.3333333,29.3,326,19195.99,92483.30935,0.823884198,0,Middle (6-8),11:1136
15K088,The Park Slope Educational Complex at (M.S. 88),Middle (6-8),BROOKLYN,40.660024,-73.987637,,2,40,3,6,3,374.6666667,81.3,1087,22136.83,85112.02077,0.396797153,3,Middle (6-8),1:50
15K136,Charles O. Dewey Middle School (I.S. 136),Middle (6-8),BROOKLYN,40.651977,-74.006862,,1,100,0,0,0,150,95,472,26625.45,89763.57447,0.144444444,4,Middle (6-8),13:485
15K442,Carroll Gardens School for Innovation (M.S. 442),Middle (6-8),BROOKLYN,40.680445,-73.991949,,3,50,0,13,25,53.66666667,49.4,118,30742.6,90772.6129,0.465838509,2,Middle (6-8),9:239
15K443,New Voices School of Academic & Creative Arts,Middle (6-8),BROOKLYN,40.660976,-73.988297,,,20,0,0,0,138.3333333,31,172,19715.05,95544.02778,0.684337349,0,Middle (6-8),8:567
15K821,Sunset Park Preparatory,Middle (6-8),BROOKLYN,40.651977,-74.006862,,1,100,0,0,13,142.3333333,95,485,22372.75,83113.12217,0.370023419,2,Middle (6-8),11:504
15K839,M.S. 839,Middle (6-8),BROOKLYN,40.64759,-73.973362,,,20,0,0,0,43.66666667,44.2,140,22735.58,77945.18519,0.549618321,0,Middle (6-8),5:326
18K066,P.S. 66,K-8,BROOKLYN,40.64883,-73.907774,,7,10,0,0,0,104,72.7,565,19797.32,84975.4955,0.320512821,0,K-8,2:411
18K068,I.S. 68,Middle (6-8),BROOKLYN,40.635553,-73.91079,,2,10,0,0,0,107.6666667,84.1,279,30417.36,90219.02941,0.170278638,2,Middle (6-8),8:339
18K581,The East Flatbush Community Research School,Middle (6-8),BROOKLYN,40.65843,-73.929076,,,50,,,,39.66666667,93.1,120,28829.84,129637,0.134453782,2,Middle (6-8),2:131
18K211,John Wilson (I.S. 211),Middle (6-8),BROOKLYN,40.643278,-73.896212,,,10,,,,156.3333333,84.1,438,26070.43,85140.02551,0.185501066,1,Middle (6-8),5:522
18K235,The Lenox Academy (P.S. 235),K-8,BROOKLYN,40.645685,-73.8989,,,10,18,18,9,99,72.3,879,19118.37,96862.25237,0.868686869,0,K-8,5:1254
18K285,Meyer Levin (I.S. 285),Middle (6-8),BROOKLYN,40.646877,-73.920977,,,10,0,0,0,197.3333333,79.1,520,22616.04,102073.7597,0.202702703,0,Middle (6-8),11:666
18K366,The Science And Medicine Middle School 366,Middle (6-8),BROOKLYN,40.647323,-73.892022,,,20,8,8,8,124,82.7,325,23760.33,83170.38235,0.182795699,1,Middle (6-8),11:399
18K588,Middle School for Art and Philosophy,Middle (6-8),BROOKLYN,40.658295,-73.920109,,,10,0,0,0,57.66666667,93.8,162,28017.1,85654.47368,0.138728324,0,Middle (6-8),4:177
18K598,Middle School of Marketing and Legal Studies,Middle (6-8),BROOKLYN,40.65843,-73.929076,,6,50,,,,,,,,,,0,Middle (6-8),3:131
18K763,Brooklyn Science and Engineering Academy,Middle (6-8),BROOKLYN,40.648423,-73.925948,,2,50,0,0,0,83,78.2,197,25471.45,87638.04762,0.24497992,1,Middle (6-8),5:257
28Q008,Richard S. Grossley (J.H.S. 8),Middle (6-8),QUEENS,40.69719,-73.787192,,,30,7,7,7,105.3333333,90.6,307,26507.89,89236.625,0.291139241,0,Middle (6-8),7:339
28Q072,Catherine & Count Basie Middle School (M.S. 72),Middle (6-8),QUEENS,40.673769,-73.775951,,,20,,,,112.6666667,82.1,305,28931.36,75994.76923,0.133136095,0,Middle (6-8),3:125
28Q157,Stephen A. Halsey (J.H.S. 157),Middle (6-8),QUEENS,40.732289,-73.853825,,,50,11,7,4,407,55.1,874,18589.87,81617.44412,0.592956593,0,Middle (6-8),6:409
28Q167,MELS - Metropolitan Expeditionary Learning School,Secondary (6-12),QUEENS,40.711367,-73.856698,,,50,16,21,16,95.66666667,72.1,598,20253.58,78826.25,0.365853659,1,Secondary (6-12),15:841
28Q190,Russell Sage Junior High School (J.H.S. 190),Middle (6-8),QUEENS,40.722707,-73.851699,,3,200,23,0,8,224.3333333,44.1,445,18302.19,98356.52542,0.603268945,1,Middle (6-8),16:1055
28Q217,Robert A. Van Wyck (J.H.S. 217),Middle (6-8),QUEENS,40.710024,-73.812508,,3,50,0,0,3,349.6666667,71.3,1140,19924.09,97517.8125,0.326024786,5,Middle (6-8),14:815
28Q284,York Early College Academy,Secondary (6-12),QUEENS,40.69719,-73.787192,,2,30,17,0,0,62.33333333,74.5,462,17455.42,89273.65079,0.502673797,1,Secondary (6-12),9:646
28Q287,The Emerson School,Middle (6-8),QUEENS,40.69719,-73.787192,,,30,0,0,13,105.6666667,86.6,313,23182.98,79912.66667,0.160883281,0,Middle (6-8),6:365
28Q310,Queens Collegiate: A College Board School,Secondary (6-12),QUEENS,40.713218,-73.797237,,,50,13,19,13,78,87.9,578,20398.64,82213.79167,0.35042735,0,Secondary (6-12),14:671
28Q332,Redwood Middle School (I.S. 332),Middle (6-8),QUEENS,40.673769,-73.775951,,3,20,0,0,0,86.66666667,69.6,213,22508.99,68916.13793,0.219230769,1,Middle (6-8),7:309
28Q680,Queens Gateway to Health Sciences Secondary School,Secondary (6-12),QUEENS,40.718831,-73.806499,,3,10,29,29,29,88.33333333,63.2,432,19613.43,97747.39474,0.879245283,1,Secondary (6-12),11:690
28Q896,"The Young Women's Leadership School, Queens",Secondary (6-12),QUEENS,40.707527,-73.806412,,,20,14,14,14,51.33333333,79.2,445,18466.27,91870.30303,0.701298701,0,Secondary (6-12),10:563
30Q235,Academy for New Americans (I.S. 235),Middle (6-8),QUEENS,40.766792,-73.922589,,3,100,0,0,0,45,95,97,30452.48,74465.40984,0.185185185,0,Middle (6-8),4:101
